{
  "type": "FeatureCollection",
  "features": [
    {
      "type": "Feature",
      "geometry": {
        "type": "LineString",
        "coordinates": [
          [
            -2.0965416666666665,
            29.090833333333332
          ],
          [
            -9.831666666666667,
            30.861222222222224
          ]
        ]
      },
      "properties": {
        "constellation": "And"
      }
    },
    {
      "type": "Feature",
      "geometry": {
        "type": "LineString",
        "coordinates": [
          [
            -9.831666666666667,
            30.861222222222224
          ],
          [
            -17.432499999999997,
            35.62083333333334
          ]
        ]
      },
      "properties": {
        "constellation": "And"
      }
    },
    {
      "type": "Feature",
      "geometry": {
        "type": "LineString",
        "coordinates": [
          [
            -30.974666666666664,
            42.329861111111114
          ],
          [
            -17.432499999999997,
            35.62083333333334
          ]
        ]
      },
      "properties": {
        "constellation": "And"
      }
    },
    {
      "type": "Feature",
      "geometry": {
        "type": "LineString",
        "coordinates": [
          [
            -17.432499999999997,
            35.62083333333334
          ],
          [
            -14.187916666666668,
            38.49925
          ]
        ]
      },
      "properties": {
        "constellation": "And"
      }
    },
    {
      "type": "Feature",
      "geometry": {
        "type": "LineString",
        "coordinates": [
          [
            -14.187916666666668,
            38.49925
          ],
          [
            -12.453458333333334,
            41.078944444444446
          ]
        ]
      },
      "properties": {
        "constellation": "And"
      }
    },
    {
      "type": "Feature",
      "geometry": {
        "type": "LineString",
        "coordinates": [
          [
            -156.78816666666665,
            -31.067805555555555
          ],
          [
            -149.71808333333334,
            -35.89094444444444
          ]
        ]
      },
      "properties": {
        "constellation": "Ant"
      }
    },
    {
      "type": "Feature",
      "geometry": {
        "type": "LineString",
        "coordinates": [
          [
            138.03445833333333,
            -79.04472222222222
          ],
          [
            111.63558333333333,
            -78.89697222222223
          ]
        ]
      },
      "properties": {
        "constellation": "Aps"
      }
    },
    {
      "type": "Feature",
      "geometry": {
        "type": "LineString",
        "coordinates": [
          [
            111.63558333333333,
            -78.89697222222223
          ],
          [
            109.22741666666667,
            -77.51658333333333
          ]
        ]
      },
      "properties": {
        "constellation": "Aps"
      }
    },
    {
      "type": "Feature",
      "geometry": {
        "type": "LineString",
        "coordinates": [
          [
            61.17179166666665,
            6.407944444444444
          ],
          [
            62.305499999999995,
            8.86738888888889
          ]
        ]
      },
      "properties": {
        "constellation": "Aql"
      }
    },
    {
      "type": "Feature",
      "geometry": {
        "type": "LineString",
        "coordinates": [
          [
            62.305499999999995,
            8.86738888888889
          ],
          [
            63.43512499999997,
            10.613277777777778
          ]
        ]
      },
      "properties": {
        "constellation": "Aql"
      }
    },
    {
      "type": "Feature",
      "geometry": {
        "type": "LineString",
        "coordinates": [
          [
            62.305499999999995,
            8.86738888888889
          ],
          [
            68.62604166666665,
            3.1145833333333335
          ]
        ]
      },
      "properties": {
        "constellation": "Aql"
      }
    },
    {
      "type": "Feature",
      "geometry": {
        "type": "LineString",
        "coordinates": [
          [
            68.62604166666665,
            3.1145833333333335
          ],
          [
            61.881833333333304,
            1.0056666666666667
          ]
        ]
      },
      "properties": {
        "constellation": "Aql"
      }
    },
    {
      "type": "Feature",
      "geometry": {
        "type": "LineString",
        "coordinates": [
          [
            57.173916666666685,
            -0.8214722222222222
          ],
          [
            61.881833333333304,
            1.0056666666666667
          ]
        ]
      },
      "properties": {
        "constellation": "Aql"
      }
    },
    {
      "type": "Feature",
      "geometry": {
        "type": "LineString",
        "coordinates": [
          [
            68.62604166666665,
            3.1145833333333335
          ],
          [
            73.64745833333336,
            13.863722222222222
          ]
        ]
      },
      "properties": {
        "constellation": "Aql"
      }
    },
    {
      "type": "Feature",
      "geometry": {
        "type": "LineString",
        "coordinates": [
          [
            73.64745833333336,
            13.863722222222222
          ],
          [
            75.09420833333331,
            15.068472222222223
          ]
        ]
      },
      "properties": {
        "constellation": "Aql"
      }
    },
    {
      "type": "Feature",
      "geometry": {
        "type": "LineString",
        "coordinates": [
          [
            68.62604166666665,
            3.1145833333333335
          ],
          [
            73.43770833333326,
            -4.882333333333333
          ]
        ]
      },
      "properties": {
        "constellation": "Aql"
      }
    },
    {
      "type": "Feature",
      "geometry": {
        "type": "LineString",
        "coordinates": [
          [
            37.11033333333336,
            -5.571166666666667
          ],
          [
            28.55404166666665,
            -0.3198333333333333
          ]
        ]
      },
      "properties": {
        "constellation": "Aqr"
      }
    },
    {
      "type": "Feature",
      "geometry": {
        "type": "LineString",
        "coordinates": [
          [
            28.55404166666665,
            -0.3198333333333333
          ],
          [
            24.58624999999995,
            -1.387361111111111
          ]
        ]
      },
      "properties": {
        "constellation": "Aqr"
      }
    },
    {
      "type": "Feature",
      "geometry": {
        "type": "LineString",
        "coordinates": [
          [
            24.58624999999995,
            -1.387361111111111
          ],
          [
            22.792500000000018,
            -0.020055555555555556
          ]
        ]
      },
      "properties": {
        "constellation": "Aqr"
      }
    },
    {
      "type": "Feature",
      "geometry": {
        "type": "LineString",
        "coordinates": [
          [
            22.792500000000018,
            -0.020055555555555556
          ],
          [
            21.16112499999997,
            -0.11736111111111111
          ]
        ]
      },
      "properties": {
        "constellation": "Aqr"
      }
    },
    {
      "type": "Feature",
      "geometry": {
        "type": "LineString",
        "coordinates": [
          [
            21.16112499999997,
            -0.11736111111111111
          ],
          [
            16.84641666666664,
            -7.579666666666666
          ]
        ]
      },
      "properties": {
        "constellation": "Aqr"
      }
    },
    {
      "type": "Feature",
      "geometry": {
        "type": "LineString",
        "coordinates": [
          [
            16.84641666666664,
            -7.579666666666666
          ],
          [
            11.027999999999963,
            -9.087694444444445
          ]
        ]
      },
      "properties": {
        "constellation": "Aqr"
      }
    },
    {
      "type": "Feature",
      "geometry": {
        "type": "LineString",
        "coordinates": [
          [
            11.027999999999963,
            -9.087694444444445
          ],
          [
            9.257083333333298,
            -20.100333333333335
          ]
        ]
      },
      "properties": {
        "constellation": "Aqr"
      }
    },
    {
      "type": "Feature",
      "geometry": {
        "type": "LineString",
        "coordinates": [
          [
            28.55404166666665,
            -0.3198333333333333
          ],
          [
            25.791791666666654,
            -7.78325
          ]
        ]
      },
      "properties": {
        "constellation": "Aqr"
      }
    },
    {
      "type": "Feature",
      "geometry": {
        "type": "LineString",
        "coordinates": [
          [
            25.791791666666654,
            -7.78325
          ],
          [
            28.390791666666644,
            -13.869527777777778
          ]
        ]
      },
      "properties": {
        "constellation": "Aqr"
      }
    },
    {
      "type": "Feature",
      "geometry": {
        "type": "LineString",
        "coordinates": [
          [
            25.791791666666654,
            -7.78325
          ],
          [
            22.338250000000016,
            -10.677888888888889
          ]
        ]
      },
      "properties": {
        "constellation": "Aqr"
      }
    },
    {
      "type": "Feature",
      "geometry": {
        "type": "LineString",
        "coordinates": [
          [
            22.338250000000016,
            -10.677888888888889
          ],
          [
            17.602041666666707,
            -13.592527777777779
          ]
        ]
      },
      "properties": {
        "constellation": "Aqr"
      }
    },
    {
      "type": "Feature",
      "geometry": {
        "type": "LineString",
        "coordinates": [
          [
            17.602041666666707,
            -13.592527777777779
          ],
          [
            16.337333333333333,
            -15.82075
          ]
        ]
      },
      "properties": {
        "constellation": "Aqr"
      }
    },
    {
      "type": "Feature",
      "geometry": {
        "type": "LineString",
        "coordinates": [
          [
            16.337333333333333,
            -15.82075
          ],
          [
            12.638500000000022,
            -21.172472222222222
          ]
        ]
      },
      "properties": {
        "constellation": "Aqr"
      }
    },
    {
      "type": "Feature",
      "geometry": {
        "type": "LineString",
        "coordinates": [
          [
            48.081124999999986,
            -9.495694444444444
          ],
          [
            37.11033333333336,
            -5.571166666666667
          ]
        ]
      },
      "properties": {
        "constellation": "Aqr"
      }
    },
    {
      "type": "Feature",
      "geometry": {
        "type": "LineString",
        "coordinates": [
          [
            88.34216666666669,
            -50.09144444444445
          ],
          [
            97.03950000000003,
            -49.875972222222224
          ]
        ]
      },
      "properties": {
        "constellation": "Ara"
      }
    },
    {
      "type": "Feature",
      "geometry": {
        "type": "LineString",
        "coordinates": [
          [
            97.03950000000003,
            -49.875972222222224
          ],
          [
            105.34487500000006,
            -55.99005555555556
          ]
        ]
      },
      "properties": {
        "constellation": "Ara"
      }
    },
    {
      "type": "Feature",
      "geometry": {
        "type": "LineString",
        "coordinates": [
          [
            105.34487500000006,
            -55.99005555555556
          ],
          [
            107.55370833333333,
            -59.04130555555555
          ]
        ]
      },
      "properties": {
        "constellation": "Ara"
      }
    },
    {
      "type": "Feature",
      "geometry": {
        "type": "LineString",
        "coordinates": [
          [
            107.55370833333333,
            -59.04130555555555
          ],
          [
            97.22508333333332,
            -60.683611111111105
          ]
        ]
      },
      "properties": {
        "constellation": "Ara"
      }
    },
    {
      "type": "Feature",
      "geometry": {
        "type": "LineString",
        "coordinates": [
          [
            97.22508333333332,
            -60.683611111111105
          ],
          [
            98.65141666666665,
            -56.377694444444444
          ]
        ]
      },
      "properties": {
        "constellation": "Ara"
      }
    },
    {
      "type": "Feature",
      "geometry": {
        "type": "LineString",
        "coordinates": [
          [
            98.65141666666665,
            -56.377694444444444
          ],
          [
            98.67500000000001,
            -55.52983333333333
          ]
        ]
      },
      "properties": {
        "constellation": "Ara"
      }
    },
    {
      "type": "Feature",
      "geometry": {
        "type": "LineString",
        "coordinates": [
          [
            98.67500000000001,
            -55.52983333333333
          ],
          [
            88.34216666666669,
            -50.09144444444445
          ]
        ]
      },
      "properties": {
        "constellation": "Ara"
      }
    },
    {
      "type": "Feature",
      "geometry": {
        "type": "LineString",
        "coordinates": [
          [
            -42.49579166666666,
            27.26077777777778
          ],
          [
            -31.792875,
            23.462777777777777
          ]
        ]
      },
      "properties": {
        "constellation": "Ari"
      }
    },
    {
      "type": "Feature",
      "geometry": {
        "type": "LineString",
        "coordinates": [
          [
            -31.792875,
            23.462777777777777
          ],
          [
            -28.659791666666667,
            20.808305555555556
          ]
        ]
      },
      "properties": {
        "constellation": "Ari"
      }
    },
    {
      "type": "Feature",
      "geometry": {
        "type": "LineString",
        "coordinates": [
          [
            -28.659791666666667,
            20.808305555555556
          ],
          [
            -28.382375,
            19.294083333333337
          ]
        ]
      },
      "properties": {
        "constellation": "Ari"
      }
    },
    {
      "type": "Feature",
      "geometry": {
        "type": "LineString",
        "coordinates": [
          [
            -89.93016666666666,
            37.21277777777778
          ],
          [
            -89.882375,
            44.94744444444444
          ]
        ]
      },
      "properties": {
        "constellation": "Aur"
      }
    },
    {
      "type": "Feature",
      "geometry": {
        "type": "LineString",
        "coordinates": [
          [
            -89.882375,
            44.94744444444444
          ],
          [
            -79.17208333333333,
            45.999027777777776
          ]
        ]
      },
      "properties": {
        "constellation": "Aur"
      }
    },
    {
      "type": "Feature",
      "geometry": {
        "type": "LineString",
        "coordinates": [
          [
            -79.17208333333333,
            45.999027777777776
          ],
          [
            -75.61949999999999,
            41.07588888888889
          ]
        ]
      },
      "properties": {
        "constellation": "Aur"
      }
    },
    {
      "type": "Feature",
      "geometry": {
        "type": "LineString",
        "coordinates": [
          [
            -75.61949999999999,
            41.07588888888889
          ],
          [
            -74.24841666666667,
            33.16613888888889
          ]
        ]
      },
      "properties": {
        "constellation": "Aur"
      }
    },
    {
      "type": "Feature",
      "geometry": {
        "type": "LineString",
        "coordinates": [
          [
            -81.57291666666667,
            28.607861111111113
          ],
          [
            -74.24841666666667,
            33.16613888888889
          ]
        ]
      },
      "properties": {
        "constellation": "Aur"
      }
    },
    {
      "type": "Feature",
      "geometry": {
        "type": "LineString",
        "coordinates": [
          [
            -81.57291666666667,
            28.607861111111113
          ],
          [
            -89.93016666666666,
            37.21277777777778
          ]
        ]
      },
      "properties": {
        "constellation": "Aur"
      }
    },
    {
      "type": "Feature",
      "geometry": {
        "type": "LineString",
        "coordinates": [
          [
            139.71283333333335,
            13.728333333333333
          ],
          [
            146.081875,
            19.187277777777776
          ]
        ]
      },
      "properties": {
        "constellation": "Boo"
      }
    },
    {
      "type": "Feature",
      "geometry": {
        "type": "LineString",
        "coordinates": [
          [
            146.081875,
            19.187277777777776
          ],
          [
            138.753125,
            27.074166666666667
          ]
        ]
      },
      "properties": {
        "constellation": "Boo"
      }
    },
    {
      "type": "Feature",
      "geometry": {
        "type": "LineString",
        "coordinates": [
          [
            138.753125,
            27.074166666666667
          ],
          [
            131.12458333333333,
            33.31511111111111
          ]
        ]
      },
      "properties": {
        "constellation": "Boo"
      }
    },
    {
      "type": "Feature",
      "geometry": {
        "type": "LineString",
        "coordinates": [
          [
            131.12458333333333,
            33.31511111111111
          ],
          [
            134.513375,
            40.39063888888889
          ]
        ]
      },
      "properties": {
        "constellation": "Boo"
      }
    },
    {
      "type": "Feature",
      "geometry": {
        "type": "LineString",
        "coordinates": [
          [
            134.513375,
            40.39063888888889
          ],
          [
            141.98016666666666,
            38.30788888888888
          ]
        ]
      },
      "properties": {
        "constellation": "Boo"
      }
    },
    {
      "type": "Feature",
      "geometry": {
        "type": "LineString",
        "coordinates": [
          [
            141.98016666666666,
            38.30788888888888
          ],
          [
            142.04225,
            30.37113888888889
          ]
        ]
      },
      "properties": {
        "constellation": "Boo"
      }
    },
    {
      "type": "Feature",
      "geometry": {
        "type": "LineString",
        "coordinates": [
          [
            142.04225,
            30.37113888888889
          ],
          [
            146.081875,
            19.187277777777776
          ]
        ]
      },
      "properties": {
        "constellation": "Boo"
      }
    },
    {
      "type": "Feature",
      "geometry": {
        "type": "LineString",
        "coordinates": [
          [
            146.081875,
            19.187277777777776
          ],
          [
            151.32866666666666,
            18.398583333333335
          ]
        ]
      },
      "properties": {
        "constellation": "Boo"
      }
    },
    {
      "type": "Feature",
      "geometry": {
        "type": "LineString",
        "coordinates": [
          [
            151.32866666666666,
            18.398583333333335
          ],
          [
            152.6304166666667,
            15.797805555555556
          ]
        ]
      },
      "properties": {
        "constellation": "Boo"
      }
    },
    {
      "type": "Feature",
      "geometry": {
        "type": "LineString",
        "coordinates": [
          [
            -67.70875000000001,
            -44.95375
          ],
          [
            -70.14091666666667,
            -41.86358333333334
          ]
        ]
      },
      "properties": {
        "constellation": "Cae"
      }
    },
    {
      "type": "Feature",
      "geometry": {
        "type": "LineString",
        "coordinates": [
          [
            -70.14091666666667,
            -41.86358333333334
          ],
          [
            -70.514375,
            -37.144777777777776
          ]
        ]
      },
      "properties": {
        "constellation": "Cae"
      }
    },
    {
      "type": "Feature",
      "geometry": {
        "type": "LineString",
        "coordinates": [
          [
            -52.267208333333336,
            59.94033333333333
          ],
          [
            -59.356,
            63.072250000000004
          ]
        ]
      },
      "properties": {
        "constellation": "Cam"
      }
    },
    {
      "type": "Feature",
      "geometry": {
        "type": "LineString",
        "coordinates": [
          [
            -59.356,
            63.072250000000004
          ],
          [
            -73.51254166666666,
            66.34266666666666
          ]
        ]
      },
      "properties": {
        "constellation": "Cam"
      }
    },
    {
      "type": "Feature",
      "geometry": {
        "type": "LineString",
        "coordinates": [
          [
            -52.267208333333336,
            59.94033333333333
          ],
          [
            -57.5895,
            71.33236111111111
          ]
        ]
      },
      "properties": {
        "constellation": "Cam"
      }
    },
    {
      "type": "Feature",
      "geometry": {
        "type": "LineString",
        "coordinates": [
          [
            -57.5895,
            71.33236111111111
          ],
          [
            -73.51254166666666,
            66.34266666666666
          ]
        ]
      },
      "properties": {
        "constellation": "Cam"
      }
    },
    {
      "type": "Feature",
      "geometry": {
        "type": "LineString",
        "coordinates": [
          [
            -57.5895,
            71.33236111111111
          ],
          [
            -80.64075,
            79.23075
          ]
        ]
      },
      "properties": {
        "constellation": "Cam"
      }
    },
    {
      "type": "Feature",
      "geometry": {
        "type": "LineString",
        "coordinates": [
          [
            55.48658333333333,
            -12.54486111111111
          ],
          [
            54.74729166666663,
            -14.78138888888889
          ]
        ]
      },
      "properties": {
        "constellation": "Cap"
      }
    },
    {
      "type": "Feature",
      "geometry": {
        "type": "LineString",
        "coordinates": [
          [
            54.74729166666663,
            -14.78138888888889
          ],
          [
            43.51341666666667,
            -17.232722222222222
          ]
        ]
      },
      "properties": {
        "constellation": "Cap"
      }
    },
    {
      "type": "Feature",
      "geometry": {
        "type": "LineString",
        "coordinates": [
          [
            43.51341666666667,
            -17.232722222222222
          ],
          [
            39.43841666666668,
            -16.834555555555553
          ]
        ]
      },
      "properties": {
        "constellation": "Cap"
      }
    },
    {
      "type": "Feature",
      "geometry": {
        "type": "LineString",
        "coordinates": [
          [
            39.43841666666668,
            -16.834555555555553
          ],
          [
            34.977750000000015,
            -16.66225
          ]
        ]
      },
      "properties": {
        "constellation": "Cap"
      }
    },
    {
      "type": "Feature",
      "geometry": {
        "type": "LineString",
        "coordinates": [
          [
            34.977750000000015,
            -16.66225
          ],
          [
            33.24045833333332,
            -16.126555555555555
          ]
        ]
      },
      "properties": {
        "constellation": "Cap"
      }
    },
    {
      "type": "Feature",
      "geometry": {
        "type": "LineString",
        "coordinates": [
          [
            39.43841666666668,
            -16.834555555555553
          ],
          [
            38.333208333333346,
            -22.411388888888887
          ]
        ]
      },
      "properties": {
        "constellation": "Cap"
      }
    },
    {
      "type": "Feature",
      "geometry": {
        "type": "LineString",
        "coordinates": [
          [
            38.333208333333346,
            -22.411388888888887
          ],
          [
            43.51341666666667,
            -17.232722222222222
          ]
        ]
      },
      "properties": {
        "constellation": "Cap"
      }
    },
    {
      "type": "Feature",
      "geometry": {
        "type": "LineString",
        "coordinates": [
          [
            54.74729166666663,
            -14.78138888888889
          ],
          [
            48.47595833333338,
            -25.270527777777776
          ]
        ]
      },
      "properties": {
        "constellation": "Cap"
      }
    },
    {
      "type": "Feature",
      "geometry": {
        "type": "LineString",
        "coordinates": [
          [
            43.51341666666667,
            -17.232722222222222
          ],
          [
            47.04458333333332,
            -26.91913888888889
          ]
        ]
      },
      "properties": {
        "constellation": "Cap"
      }
    },
    {
      "type": "Feature",
      "geometry": {
        "type": "LineString",
        "coordinates": [
          [
            -138.301,
            -69.71747222222223
          ],
          [
            -153.43449999999999,
            -70.03791666666666
          ]
        ]
      },
      "properties": {
        "constellation": "Car"
      }
    },
    {
      "type": "Feature",
      "geometry": {
        "type": "LineString",
        "coordinates": [
          [
            -153.43449999999999,
            -70.03791666666666
          ],
          [
            -160.73929166666667,
            -64.39447222222223
          ]
        ]
      },
      "properties": {
        "constellation": "Car"
      }
    },
    {
      "type": "Feature",
      "geometry": {
        "type": "LineString",
        "coordinates": [
          [
            -160.73929166666667,
            -64.39447222222223
          ],
          [
            -160.884625,
            -60.56663888888889
          ]
        ]
      },
      "properties": {
        "constellation": "Car"
      }
    },
    {
      "type": "Feature",
      "geometry": {
        "type": "LineString",
        "coordinates": [
          [
            -160.884625,
            -60.56663888888889
          ],
          [
            -167.14749999999998,
            -58.97505555555556
          ]
        ]
      },
      "properties": {
        "constellation": "Car"
      }
    },
    {
      "type": "Feature",
      "geometry": {
        "type": "LineString",
        "coordinates": [
          [
            -167.14749999999998,
            -58.97505555555556
          ],
          [
            -163.37320833333334,
            -58.85327777777778
          ]
        ]
      },
      "properties": {
        "constellation": "Car"
      }
    },
    {
      "type": "Feature",
      "geometry": {
        "type": "LineString",
        "coordinates": [
          [
            -163.37320833333334,
            -58.85327777777778
          ],
          [
            -156.96979166666665,
            -58.73941666666667
          ]
        ]
      },
      "properties": {
        "constellation": "Car"
      }
    },
    {
      "type": "Feature",
      "geometry": {
        "type": "LineString",
        "coordinates": [
          [
            -156.96979166666665,
            -58.73941666666667
          ],
          [
            -154.270875,
            -61.33233333333334
          ]
        ]
      },
      "properties": {
        "constellation": "Car"
      }
    },
    {
      "type": "Feature",
      "geometry": {
        "type": "LineString",
        "coordinates": [
          [
            -154.270875,
            -61.33233333333334
          ],
          [
            -139.272625,
            -59.27525
          ]
        ]
      },
      "properties": {
        "constellation": "Car"
      }
    },
    {
      "type": "Feature",
      "geometry": {
        "type": "LineString",
        "coordinates": [
          [
            -130.1543333333333,
            -59.76102777777778
          ],
          [
            -125.62858333333334,
            -59.50952777777778
          ]
        ]
      },
      "properties": {
        "constellation": "Car"
      }
    },
    {
      "type": "Feature",
      "geometry": {
        "type": "LineString",
        "coordinates": [
          [
            -125.62858333333334,
            -59.50952777777778
          ],
          [
            -95.987875,
            -52.695722222222216
          ]
        ]
      },
      "properties": {
        "constellation": "Car"
      }
    },
    {
      "type": "Feature",
      "geometry": {
        "type": "LineString",
        "coordinates": [
          [
            -137.742125,
            -58.96691666666667
          ],
          [
            -139.272625,
            -59.27525
          ]
        ]
      },
      "properties": {
        "constellation": "Car"
      }
    },
    {
      "type": "Feature",
      "geometry": {
        "type": "LineString",
        "coordinates": [
          [
            -137.742125,
            -58.96691666666667
          ],
          [
            -130.1543333333333,
            -59.76102777777778
          ]
        ]
      },
      "properties": {
        "constellation": "Car"
      }
    },
    {
      "type": "Feature",
      "geometry": {
        "type": "LineString",
        "coordinates": [
          [
            -95.987875,
            -52.695722222222216
          ],
          [
            -99.44029166666667,
            -43.19591666666666
          ]
        ]
      },
      "properties": {
        "constellation": "Car"
      }
    },
    {
      "type": "Feature",
      "geometry": {
        "type": "LineString",
        "coordinates": [
          [
            -125.62858333333334,
            -59.50952777777778
          ],
          [
            -120.89612500000001,
            -40.003194444444446
          ]
        ]
      },
      "properties": {
        "constellation": "Car"
      }
    },
    {
      "type": "Feature",
      "geometry": {
        "type": "LineString",
        "coordinates": [
          [
            -28.598666666666666,
            63.670138888888886
          ],
          [
            -21.4525,
            60.235416666666666
          ]
        ]
      },
      "properties": {
        "constellation": "Cas"
      }
    },
    {
      "type": "Feature",
      "geometry": {
        "type": "LineString",
        "coordinates": [
          [
            -21.4525,
            60.235416666666666
          ],
          [
            -14.177083333333332,
            60.716750000000005
          ]
        ]
      },
      "properties": {
        "constellation": "Cas"
      }
    },
    {
      "type": "Feature",
      "geometry": {
        "type": "LineString",
        "coordinates": [
          [
            -14.177083333333332,
            60.716750000000005
          ],
          [
            -10.126624999999999,
            56.537416666666665
          ]
        ]
      },
      "properties": {
        "constellation": "Cas"
      }
    },
    {
      "type": "Feature",
      "geometry": {
        "type": "LineString",
        "coordinates": [
          [
            -10.126624999999999,
            56.537416666666665
          ],
          [
            -2.2920416666666665,
            59.15022222222222
          ]
        ]
      },
      "properties": {
        "constellation": "Cas"
      }
    },
    {
      "type": "Feature",
      "geometry": {
        "type": "LineString",
        "coordinates": [
          [
            140.07958333333335,
            -60.83513888888889
          ],
          [
            149.044,
            -60.372972222222224
          ]
        ]
      },
      "properties": {
        "constellation": "Cen"
      }
    },
    {
      "type": "Feature",
      "geometry": {
        "type": "LineString",
        "coordinates": [
          [
            149.044,
            -60.372972222222224
          ],
          [
            155.02804166666667,
            -53.46636111111111
          ]
        ]
      },
      "properties": {
        "constellation": "Cen"
      }
    },
    {
      "type": "Feature",
      "geometry": {
        "type": "LineString",
        "coordinates": [
          [
            155.02804166666667,
            -53.46636111111111
          ],
          [
            151.114875,
            -47.28827777777778
          ]
        ]
      },
      "properties": {
        "constellation": "Cen"
      }
    },
    {
      "type": "Feature",
      "geometry": {
        "type": "LineString",
        "coordinates": [
          [
            151.114875,
            -47.28827777777778
          ],
          [
            150.330125,
            -44.803527777777774
          ]
        ]
      },
      "properties": {
        "constellation": "Cen"
      }
    },
    {
      "type": "Feature",
      "geometry": {
        "type": "LineString",
        "coordinates": [
          [
            150.330125,
            -44.803527777777774
          ],
          [
            152.59579166666668,
            -42.47369444444445
          ]
        ]
      },
      "properties": {
        "constellation": "Cen"
      }
    },
    {
      "type": "Feature",
      "geometry": {
        "type": "LineString",
        "coordinates": [
          [
            152.59579166666668,
            -42.47369444444445
          ],
          [
            152.62375,
            -41.687666666666665
          ]
        ]
      },
      "properties": {
        "constellation": "Cen"
      }
    },
    {
      "type": "Feature",
      "geometry": {
        "type": "LineString",
        "coordinates": [
          [
            152.62375,
            -41.687666666666665
          ],
          [
            157.23887499999998,
            -39.40727777777778
          ]
        ]
      },
      "properties": {
        "constellation": "Cen"
      }
    },
    {
      "type": "Feature",
      "geometry": {
        "type": "LineString",
        "coordinates": [
          [
            157.23887499999998,
            -39.40727777777778
          ],
          [
            159.84970833333333,
            -36.71208333333334
          ]
        ]
      },
      "properties": {
        "constellation": "Cen"
      }
    },
    {
      "type": "Feature",
      "geometry": {
        "type": "LineString",
        "coordinates": [
          [
            152.62375,
            -41.687666666666665
          ],
          [
            148.32783333333333,
            -36.36869444444444
          ]
        ]
      },
      "properties": {
        "constellation": "Cen"
      }
    },
    {
      "type": "Feature",
      "geometry": {
        "type": "LineString",
        "coordinates": [
          [
            152.59579166666668,
            -42.47369444444445
          ],
          [
            141.123125,
            -42.15775
          ]
        ]
      },
      "properties": {
        "constellation": "Cen"
      }
    },
    {
      "type": "Feature",
      "geometry": {
        "type": "LineString",
        "coordinates": [
          [
            141.123125,
            -42.15775
          ],
          [
            135.20958333333334,
            -42.10413888888889
          ]
        ]
      },
      "properties": {
        "constellation": "Cen"
      }
    },
    {
      "type": "Feature",
      "geometry": {
        "type": "LineString",
        "coordinates": [
          [
            151.114875,
            -47.28827777777778
          ],
          [
            169.62,
            -48.95988888888889
          ]
        ]
      },
      "properties": {
        "constellation": "Cen"
      }
    },
    {
      "type": "Feature",
      "geometry": {
        "type": "LineString",
        "coordinates": [
          [
            169.62,
            -48.95988888888889
          ],
          [
            172.98995833333333,
            -50.230611111111116
          ]
        ]
      },
      "properties": {
        "constellation": "Cen"
      }
    },
    {
      "type": "Feature",
      "geometry": {
        "type": "LineString",
        "coordinates": [
          [
            172.98995833333333,
            -50.230611111111116
          ],
          [
            177.91025000000002,
            -50.72241666666667
          ]
        ]
      },
      "properties": {
        "constellation": "Cen"
      }
    },
    {
      "type": "Feature",
      "geometry": {
        "type": "LineString",
        "coordinates": [
          [
            177.91025000000002,
            -50.72241666666667
          ],
          [
            186.30954166666666,
            -54.26413888888889
          ]
        ]
      },
      "properties": {
        "constellation": "Cen"
      }
    },
    {
      "type": "Feature",
      "geometry": {
        "type": "LineString",
        "coordinates": [
          [
            -173.69045833333334,
            -54.26413888888889
          ],
          [
            -173.94554166666668,
            -63.01983333333333
          ]
        ]
      },
      "properties": {
        "constellation": "Cen"
      }
    },
    {
      "type": "Feature",
      "geometry": {
        "type": "LineString",
        "coordinates": [
          [
            27.28641666666664,
            58.20125
          ],
          [
            17.57954166666667,
            66.20072222222223
          ]
        ]
      },
      "properties": {
        "constellation": "Cep"
      }
    },
    {
      "type": "Feature",
      "geometry": {
        "type": "LineString",
        "coordinates": [
          [
            17.57954166666667,
            66.20072222222223
          ],
          [
            37.83508333333333,
            70.56069444444444
          ]
        ]
      },
      "properties": {
        "constellation": "Cep"
      }
    },
    {
      "type": "Feature",
      "geometry": {
        "type": "LineString",
        "coordinates": [
          [
            37.83508333333333,
            70.56069444444444
          ],
          [
            40.355916666666644,
            62.58544444444445
          ]
        ]
      },
      "properties": {
        "constellation": "Cep"
      }
    },
    {
      "type": "Feature",
      "geometry": {
        "type": "LineString",
        "coordinates": [
          [
            40.355916666666644,
            62.58544444444445
          ],
          [
            27.28641666666664,
            58.20125
          ]
        ]
      },
      "properties": {
        "constellation": "Cep"
      }
    },
    {
      "type": "Feature",
      "geometry": {
        "type": "LineString",
        "coordinates": [
          [
            17.57954166666667,
            66.20072222222223
          ],
          [
            5.162583333333373,
            77.63197222222222
          ]
        ]
      },
      "properties": {
        "constellation": "Cep"
      }
    },
    {
      "type": "Feature",
      "geometry": {
        "type": "LineString",
        "coordinates": [
          [
            5.162583333333373,
            77.63197222222222
          ],
          [
            37.83508333333333,
            70.56069444444444
          ]
        ]
      },
      "properties": {
        "constellation": "Cep"
      }
    },
    {
      "type": "Feature",
      "geometry": {
        "type": "LineString",
        "coordinates": [
          [
            -33.25004166666667,
            8.84675
          ],
          [
            -37.03966666666667,
            8.460083333333333
          ]
        ]
      },
      "properties": {
        "constellation": "Cet"
      }
    },
    {
      "type": "Feature",
      "geometry": {
        "type": "LineString",
        "coordinates": [
          [
            -26.021375000000003,
            -15.939555555555556
          ],
          [
            -10.896791666666667,
            -17.986694444444446
          ]
        ]
      },
      "properties": {
        "constellation": "Cet"
      }
    },
    {
      "type": "Feature",
      "geometry": {
        "type": "LineString",
        "coordinates": [
          [
            -10.896791666666667,
            -17.986694444444446
          ],
          [
            -4.856999999999999,
            -8.823833333333333
          ]
        ]
      },
      "properties": {
        "constellation": "Cet"
      }
    },
    {
      "type": "Feature",
      "geometry": {
        "type": "LineString",
        "coordinates": [
          [
            -10.896791666666667,
            -17.986694444444446
          ],
          [
            -17.146916666666666,
            -10.181916666666666
          ]
        ]
      },
      "properties": {
        "constellation": "Cet"
      }
    },
    {
      "type": "Feature",
      "geometry": {
        "type": "LineString",
        "coordinates": [
          [
            -17.146916666666666,
            -10.181916666666666
          ],
          [
            -21.006041666666665,
            -8.182749999999999
          ]
        ]
      },
      "properties": {
        "constellation": "Cet"
      }
    },
    {
      "type": "Feature",
      "geometry": {
        "type": "LineString",
        "coordinates": [
          [
            -21.006041666666665,
            -8.182749999999999
          ],
          [
            -27.86504166666667,
            -10.334944444444446
          ]
        ]
      },
      "properties": {
        "constellation": "Cet"
      }
    },
    {
      "type": "Feature",
      "geometry": {
        "type": "LineString",
        "coordinates": [
          [
            -27.86504166666667,
            -10.334944444444446
          ],
          [
            -36.487541666666665,
            -12.290444444444445
          ]
        ]
      },
      "properties": {
        "constellation": "Cet"
      }
    },
    {
      "type": "Feature",
      "geometry": {
        "type": "LineString",
        "coordinates": [
          [
            -36.487541666666665,
            -12.290444444444445
          ],
          [
            -39.890541666666664,
            -11.871583333333334
          ]
        ]
      },
      "properties": {
        "constellation": "Cet"
      }
    },
    {
      "type": "Feature",
      "geometry": {
        "type": "LineString",
        "coordinates": [
          [
            -39.890541666666664,
            -11.871583333333334
          ],
          [
            -41.030625,
            -13.858666666666666
          ]
        ]
      },
      "properties": {
        "constellation": "Cet"
      }
    },
    {
      "type": "Feature",
      "geometry": {
        "type": "LineString",
        "coordinates": [
          [
            -41.030625,
            -13.858666666666666
          ],
          [
            -38.022,
            -15.244333333333332
          ]
        ]
      },
      "properties": {
        "constellation": "Cet"
      }
    },
    {
      "type": "Feature",
      "geometry": {
        "type": "LineString",
        "coordinates": [
          [
            -38.022,
            -15.244333333333332
          ],
          [
            -26.021375000000003,
            -15.939555555555556
          ]
        ]
      },
      "properties": {
        "constellation": "Cet"
      }
    },
    {
      "type": "Feature",
      "geometry": {
        "type": "LineString",
        "coordinates": [
          [
            -34.836625,
            -2.977055555555556
          ],
          [
            -39.890541666666664,
            -11.871583333333334
          ]
        ]
      },
      "properties": {
        "constellation": "Cet"
      }
    },
    {
      "type": "Feature",
      "geometry": {
        "type": "LineString",
        "coordinates": [
          [
            -34.836625,
            -2.977055555555556
          ],
          [
            -39.870625,
            0.32852777777777775
          ]
        ]
      },
      "properties": {
        "constellation": "Cet"
      }
    },
    {
      "type": "Feature",
      "geometry": {
        "type": "LineString",
        "coordinates": [
          [
            -39.870625,
            0.32852777777777775
          ],
          [
            -40.825500000000005,
            3.2361666666666666
          ]
        ]
      },
      "properties": {
        "constellation": "Cet"
      }
    },
    {
      "type": "Feature",
      "geometry": {
        "type": "LineString",
        "coordinates": [
          [
            -40.825500000000005,
            3.2361666666666666
          ],
          [
            -45.569916666666664,
            4.089916666666666
          ]
        ]
      },
      "properties": {
        "constellation": "Cet"
      }
    },
    {
      "type": "Feature",
      "geometry": {
        "type": "LineString",
        "coordinates": [
          [
            -45.569916666666664,
            4.089916666666666
          ],
          [
            -44.92875,
            8.907388888888889
          ]
        ]
      },
      "properties": {
        "constellation": "Cet"
      }
    },
    {
      "type": "Feature",
      "geometry": {
        "type": "LineString",
        "coordinates": [
          [
            -44.92875,
            8.907388888888889
          ],
          [
            -41.234875,
            10.114222222222223
          ]
        ]
      },
      "properties": {
        "constellation": "Cet"
      }
    },
    {
      "type": "Feature",
      "geometry": {
        "type": "LineString",
        "coordinates": [
          [
            -41.234875,
            10.114222222222223
          ],
          [
            -37.03966666666667,
            8.460083333333333
          ]
        ]
      },
      "properties": {
        "constellation": "Cet"
      }
    },
    {
      "type": "Feature",
      "geometry": {
        "type": "LineString",
        "coordinates": [
          [
            -37.03966666666667,
            8.460083333333333
          ],
          [
            -38.96870833333333,
            5.593305555555555
          ]
        ]
      },
      "properties": {
        "constellation": "Cet"
      }
    },
    {
      "type": "Feature",
      "geometry": {
        "type": "LineString",
        "coordinates": [
          [
            -38.96870833333333,
            5.593305555555555
          ],
          [
            -40.825500000000005,
            3.2361666666666666
          ]
        ]
      },
      "properties": {
        "constellation": "Cet"
      }
    },
    {
      "type": "Feature",
      "geometry": {
        "type": "LineString",
        "coordinates": [
          [
            -124.63029166666666,
            -76.91997222222223
          ],
          [
            -158.86758333333336,
            -78.60780555555554
          ]
        ]
      },
      "properties": {
        "constellation": "Cha"
      }
    },
    {
      "type": "Feature",
      "geometry": {
        "type": "LineString",
        "coordinates": [
          [
            201.13241666666664,
            -78.60780555555554
          ],
          [
            175.41275,
            -79.31227777777778
          ]
        ]
      },
      "properties": {
        "constellation": "Cha"
      }
    },
    {
      "type": "Feature",
      "geometry": {
        "type": "LineString",
        "coordinates": [
          [
            139.372125,
            -64.97458333333334
          ],
          [
            129.15558333333334,
            -59.32069444444445
          ]
        ]
      },
      "properties": {
        "constellation": "Cir"
      }
    },
    {
      "type": "Feature",
      "geometry": {
        "type": "LineString",
        "coordinates": [
          [
            139.372125,
            -64.97458333333334
          ],
          [
            130.621,
            -58.800888888888885
          ]
        ]
      },
      "properties": {
        "constellation": "Cir"
      }
    },
    {
      "type": "Feature",
      "geometry": {
        "type": "LineString",
        "coordinates": [
          [
            -103.54783333333333,
            -12.038583333333333
          ],
          [
            -105.93954166666666,
            -15.63325
          ]
        ]
      },
      "properties": {
        "constellation": "CMa"
      }
    },
    {
      "type": "Feature",
      "geometry": {
        "type": "LineString",
        "coordinates": [
          [
            -105.93954166666666,
            -15.63325
          ],
          [
            -104.03429166666668,
            -17.05425
          ]
        ]
      },
      "properties": {
        "constellation": "CMa"
      }
    },
    {
      "type": "Feature",
      "geometry": {
        "type": "LineString",
        "coordinates": [
          [
            -104.03429166666668,
            -17.05425
          ],
          [
            -101.28854166666666,
            -16.71313888888889
          ]
        ]
      },
      "properties": {
        "constellation": "CMa"
      }
    },
    {
      "type": "Feature",
      "geometry": {
        "type": "LineString",
        "coordinates": [
          [
            -101.28854166666666,
            -16.71313888888889
          ],
          [
            -105.756125,
            -23.833305555555555
          ]
        ]
      },
      "properties": {
        "constellation": "CMa"
      }
    },
    {
      "type": "Feature",
      "geometry": {
        "type": "LineString",
        "coordinates": [
          [
            -105.756125,
            -23.833305555555555
          ],
          [
            -107.097875,
            -26.393194444444443
          ]
        ]
      },
      "properties": {
        "constellation": "CMa"
      }
    },
    {
      "type": "Feature",
      "geometry": {
        "type": "LineString",
        "coordinates": [
          [
            -107.097875,
            -26.393194444444443
          ],
          [
            -108.70275000000001,
            -26.772694444444443
          ]
        ]
      },
      "properties": {
        "constellation": "CMa"
      }
    },
    {
      "type": "Feature",
      "geometry": {
        "type": "LineString",
        "coordinates": [
          [
            -108.70275000000001,
            -26.772694444444443
          ],
          [
            -111.02379166666667,
            -29.30311111111111
          ]
        ]
      },
      "properties": {
        "constellation": "CMa"
      }
    },
    {
      "type": "Feature",
      "geometry": {
        "type": "LineString",
        "coordinates": [
          [
            -104.65645833333333,
            -28.97208333333333
          ],
          [
            -105.42979166666666,
            -27.934833333333334
          ]
        ]
      },
      "properties": {
        "constellation": "CMa"
      }
    },
    {
      "type": "Feature",
      "geometry": {
        "type": "LineString",
        "coordinates": [
          [
            -105.42979166666666,
            -27.934833333333334
          ],
          [
            -107.097875,
            -26.393194444444443
          ]
        ]
      },
      "properties": {
        "constellation": "CMa"
      }
    },
    {
      "type": "Feature",
      "geometry": {
        "type": "LineString",
        "coordinates": [
          [
            -105.42979166666666,
            -27.934833333333334
          ],
          [
            -103.55437500000001,
            -23.928361111111112
          ]
        ]
      },
      "properties": {
        "constellation": "CMa"
      }
    },
    {
      "type": "Feature",
      "geometry": {
        "type": "LineString",
        "coordinates": [
          [
            -103.55437500000001,
            -23.928361111111112
          ],
          [
            -99.17083333333333,
            -19.25572222222222
          ]
        ]
      },
      "properties": {
        "constellation": "CMa"
      }
    },
    {
      "type": "Feature",
      "geometry": {
        "type": "LineString",
        "coordinates": [
          [
            -99.17083333333333,
            -19.25572222222222
          ],
          [
            -98.76408333333333,
            -22.96483333333333
          ]
        ]
      },
      "properties": {
        "constellation": "CMa"
      }
    },
    {
      "type": "Feature",
      "geometry": {
        "type": "LineString",
        "coordinates": [
          [
            -99.17083333333333,
            -19.25572222222222
          ],
          [
            -95.67495833333334,
            -17.955916666666667
          ]
        ]
      },
      "properties": {
        "constellation": "CMa"
      }
    },
    {
      "type": "Feature",
      "geometry": {
        "type": "LineString",
        "coordinates": [
          [
            -99.17083333333333,
            -19.25572222222222
          ],
          [
            -101.28854166666666,
            -16.71313888888889
          ]
        ]
      },
      "properties": {
        "constellation": "CMa"
      }
    },
    {
      "type": "Feature",
      "geometry": {
        "type": "LineString",
        "coordinates": [
          [
            -104.65645833333333,
            -28.97208333333333
          ],
          [
            -102.46029166666666,
            -32.5085
          ]
        ]
      },
      "properties": {
        "constellation": "CMa"
      }
    },
    {
      "type": "Feature",
      "geometry": {
        "type": "LineString",
        "coordinates": [
          [
            -95.07829166666666,
            -30.06338888888889
          ],
          [
            -104.65645833333333,
            -28.97208333333333
          ]
        ]
      },
      "properties": {
        "constellation": "CMa"
      }
    },
    {
      "type": "Feature",
      "geometry": {
        "type": "LineString",
        "coordinates": [
          [
            -104.03429166666668,
            -17.05425
          ],
          [
            -103.54783333333333,
            -12.038583333333333
          ]
        ]
      },
      "properties": {
        "constellation": "CMa"
      }
    },
    {
      "type": "Feature",
      "geometry": {
        "type": "LineString",
        "coordinates": [
          [
            -114.82725,
            5.2275
          ],
          [
            -111.78779166666666,
            8.289416666666666
          ]
        ]
      },
      "properties": {
        "constellation": "CMi"
      }
    },
    {
      "type": "Feature",
      "geometry": {
        "type": "LineString",
        "coordinates": [
          [
            -131.6742916666667,
            28.76
          ],
          [
            -130.82170833333333,
            21.46858333333333
          ]
        ]
      },
      "properties": {
        "constellation": "Cnc"
      }
    },
    {
      "type": "Feature",
      "geometry": {
        "type": "LineString",
        "coordinates": [
          [
            -130.82170833333333,
            21.46858333333333
          ],
          [
            -125.01612500000002,
            27.21861111111111
          ]
        ]
      },
      "properties": {
        "constellation": "Cnc"
      }
    },
    {
      "type": "Feature",
      "geometry": {
        "type": "LineString",
        "coordinates": [
          [
            -130.82170833333333,
            21.46858333333333
          ],
          [
            -131.17129166666666,
            18.15486111111111
          ]
        ]
      },
      "properties": {
        "constellation": "Cnc"
      }
    },
    {
      "type": "Feature",
      "geometry": {
        "type": "LineString",
        "coordinates": [
          [
            -131.17129166666666,
            18.15486111111111
          ],
          [
            -124.12895833333336,
            9.185666666666666
          ]
        ]
      },
      "properties": {
        "constellation": "Cnc"
      }
    },
    {
      "type": "Feature",
      "geometry": {
        "type": "LineString",
        "coordinates": [
          [
            -131.17129166666666,
            18.15486111111111
          ],
          [
            -134.62166666666667,
            11.857777777777777
          ]
        ]
      },
      "properties": {
        "constellation": "Cnc"
      }
    },
    {
      "type": "Feature",
      "geometry": {
        "type": "LineString",
        "coordinates": [
          [
            -95.52854166666665,
            -33.436277777777775
          ],
          [
            -94.13808333333334,
            -35.14072222222222
          ]
        ]
      },
      "properties": {
        "constellation": "Col"
      }
    },
    {
      "type": "Feature",
      "geometry": {
        "type": "LineString",
        "coordinates": [
          [
            -94.13808333333334,
            -35.14072222222222
          ],
          [
            -89.38420833333333,
            -35.28330555555556
          ]
        ]
      },
      "properties": {
        "constellation": "Col"
      }
    },
    {
      "type": "Feature",
      "geometry": {
        "type": "LineString",
        "coordinates": [
          [
            -89.38420833333333,
            -35.28330555555556
          ],
          [
            -87.73979166666666,
            -35.769305555555555
          ]
        ]
      },
      "properties": {
        "constellation": "Col"
      }
    },
    {
      "type": "Feature",
      "geometry": {
        "type": "LineString",
        "coordinates": [
          [
            -87.73979166666666,
            -35.769305555555555
          ],
          [
            -89.786625,
            -42.81511111111111
          ]
        ]
      },
      "properties": {
        "constellation": "Col"
      }
    },
    {
      "type": "Feature",
      "geometry": {
        "type": "LineString",
        "coordinates": [
          [
            -87.73979166666666,
            -35.769305555555555
          ],
          [
            -84.91225000000001,
            -34.07405555555556
          ]
        ]
      },
      "properties": {
        "constellation": "Col"
      }
    },
    {
      "type": "Feature",
      "geometry": {
        "type": "LineString",
        "coordinates": [
          [
            -84.91225000000001,
            -34.07405555555556
          ],
          [
            -82.80308333333333,
            -35.470444444444446
          ]
        ]
      },
      "properties": {
        "constellation": "Col"
      }
    },
    {
      "type": "Feature",
      "geometry": {
        "type": "LineString",
        "coordinates": [
          [
            162.50187499999998,
            17.52911111111111
          ],
          [
            162.0295,
            27.87602777777778
          ]
        ]
      },
      "properties": {
        "constellation": "Com"
      }
    },
    {
      "type": "Feature",
      "geometry": {
        "type": "LineString",
        "coordinates": [
          [
            162.0295,
            27.87602777777778
          ],
          [
            173.26529166666666,
            28.26861111111111
          ]
        ]
      },
      "properties": {
        "constellation": "Com"
      }
    },
    {
      "type": "Feature",
      "geometry": {
        "type": "LineString",
        "coordinates": [
          [
            79.05441666666667,
            -38.32330555555556
          ],
          [
            75.83129166666663,
            -37.34319444444445
          ]
        ]
      },
      "properties": {
        "constellation": "CrA"
      }
    },
    {
      "type": "Feature",
      "geometry": {
        "type": "LineString",
        "coordinates": [
          [
            75.83129166666663,
            -37.34319444444445
          ],
          [
            75.31887500000005,
            -37.107083333333335
          ]
        ]
      },
      "properties": {
        "constellation": "CrA"
      }
    },
    {
      "type": "Feature",
      "geometry": {
        "type": "LineString",
        "coordinates": [
          [
            75.31887500000005,
            -37.107083333333335
          ],
          [
            73.39566666666661,
            -37.062749999999994
          ]
        ]
      },
      "properties": {
        "constellation": "CrA"
      }
    },
    {
      "type": "Feature",
      "geometry": {
        "type": "LineString",
        "coordinates": [
          [
            73.39566666666661,
            -37.062749999999994
          ],
          [
            72.6321666666667,
            -37.90425
          ]
        ]
      },
      "properties": {
        "constellation": "CrA"
      }
    },
    {
      "type": "Feature",
      "geometry": {
        "type": "LineString",
        "coordinates": [
          [
            72.6321666666667,
            -37.90425
          ],
          [
            72.49270833333333,
            -39.340694444444445
          ]
        ]
      },
      "properties": {
        "constellation": "CrA"
      }
    },
    {
      "type": "Feature",
      "geometry": {
        "type": "LineString",
        "coordinates": [
          [
            72.49270833333333,
            -39.340694444444445
          ],
          [
            72.91279166666669,
            -40.49663888888889
          ]
        ]
      },
      "properties": {
        "constellation": "CrA"
      }
    },
    {
      "type": "Feature",
      "geometry": {
        "type": "LineString",
        "coordinates": [
          [
            72.91279166666669,
            -40.49663888888889
          ],
          [
            74.22154166666667,
            -42.095
          ]
        ]
      },
      "properties": {
        "constellation": "CrA"
      }
    },
    {
      "type": "Feature",
      "geometry": {
        "type": "LineString",
        "coordinates": [
          [
            74.22154166666667,
            -42.095
          ],
          [
            75.92929166666664,
            -42.71061111111111
          ]
        ]
      },
      "properties": {
        "constellation": "CrA"
      }
    },
    {
      "type": "Feature",
      "geometry": {
        "type": "LineString",
        "coordinates": [
          [
            79.05441666666667,
            -38.32330555555556
          ],
          [
            81.91120833333332,
            -39.70391666666667
          ]
        ]
      },
      "properties": {
        "constellation": "CrA"
      }
    },
    {
      "type": "Feature",
      "geometry": {
        "type": "LineString",
        "coordinates": [
          [
            126.76750000000001,
            31.359166666666667
          ],
          [
            128.04229166666667,
            29.105500000000003
          ]
        ]
      },
      "properties": {
        "constellation": "CrB"
      }
    },
    {
      "type": "Feature",
      "geometry": {
        "type": "LineString",
        "coordinates": [
          [
            128.04229166666667,
            29.105500000000003
          ],
          [
            126.328375,
            26.714916666666667
          ]
        ]
      },
      "properties": {
        "constellation": "CrB"
      }
    },
    {
      "type": "Feature",
      "geometry": {
        "type": "LineString",
        "coordinates": [
          [
            126.328375,
            26.714916666666667
          ],
          [
            124.31400000000002,
            26.295527777777778
          ]
        ]
      },
      "properties": {
        "constellation": "CrB"
      }
    },
    {
      "type": "Feature",
      "geometry": {
        "type": "LineString",
        "coordinates": [
          [
            124.31400000000002,
            26.295527777777778
          ],
          [
            122.60125,
            26.068555555555555
          ]
        ]
      },
      "properties": {
        "constellation": "CrB"
      }
    },
    {
      "type": "Feature",
      "geometry": {
        "type": "LineString",
        "coordinates": [
          [
            122.60125,
            26.068555555555555
          ],
          [
            120.60291666666669,
            26.878027777777778
          ]
        ]
      },
      "properties": {
        "constellation": "CrB"
      }
    },
    {
      "type": "Feature",
      "geometry": {
        "type": "LineString",
        "coordinates": [
          [
            120.60291666666669,
            26.878027777777778
          ],
          [
            119.63920833333336,
            29.851083333333335
          ]
        ]
      },
      "properties": {
        "constellation": "CrB"
      }
    },
    {
      "type": "Feature",
      "geometry": {
        "type": "LineString",
        "coordinates": [
          [
            -164.94479166666665,
            -18.299111111111113
          ],
          [
            -167.91454166666668,
            -22.82561111111111
          ]
        ]
      },
      "properties": {
        "constellation": "Crt"
      }
    },
    {
      "type": "Feature",
      "geometry": {
        "type": "LineString",
        "coordinates": [
          [
            -167.91454166666668,
            -22.82561111111111
          ],
          [
            -171.22075,
            -17.68402777777778
          ]
        ]
      },
      "properties": {
        "constellation": "Crt"
      }
    },
    {
      "type": "Feature",
      "geometry": {
        "type": "LineString",
        "coordinates": [
          [
            -171.22075,
            -17.68402777777778
          ],
          [
            -169.8355,
            -14.779055555555557
          ]
        ]
      },
      "properties": {
        "constellation": "Crt"
      }
    },
    {
      "type": "Feature",
      "geometry": {
        "type": "LineString",
        "coordinates": [
          [
            -169.8355,
            -14.779055555555557
          ],
          [
            -164.94479166666665,
            -18.299111111111113
          ]
        ]
      },
      "properties": {
        "constellation": "Crt"
      }
    },
    {
      "type": "Feature",
      "geometry": {
        "type": "LineString",
        "coordinates": [
          [
            -169.8355,
            -14.779055555555557
          ],
          [
            -171.15254166666668,
            -10.859388888888889
          ]
        ]
      },
      "properties": {
        "constellation": "Crt"
      }
    },
    {
      "type": "Feature",
      "geometry": {
        "type": "LineString",
        "coordinates": [
          [
            -171.15254166666668,
            -10.859388888888889
          ],
          [
            -174.17062499999997,
            -9.80225
          ]
        ]
      },
      "properties": {
        "constellation": "Crt"
      }
    },
    {
      "type": "Feature",
      "geometry": {
        "type": "LineString",
        "coordinates": [
          [
            -174.17062499999997,
            -9.80225
          ],
          [
            -179.00408333333334,
            -17.150805555555554
          ]
        ]
      },
      "properties": {
        "constellation": "Crt"
      }
    },
    {
      "type": "Feature",
      "geometry": {
        "type": "LineString",
        "coordinates": [
          [
            -179.00408333333334,
            -17.150805555555554
          ],
          [
            -176.19066666666666,
            -18.350611111111114
          ]
        ]
      },
      "properties": {
        "constellation": "Crt"
      }
    },
    {
      "type": "Feature",
      "geometry": {
        "type": "LineString",
        "coordinates": [
          [
            -176.19066666666666,
            -18.350611111111114
          ],
          [
            -171.22075,
            -17.68402777777778
          ]
        ]
      },
      "properties": {
        "constellation": "Crt"
      }
    },
    {
      "type": "Feature",
      "geometry": {
        "type": "LineString",
        "coordinates": [
          [
            172.208625,
            -57.11255555555556
          ],
          [
            173.35025000000002,
            -63.09905555555556
          ]
        ]
      },
      "properties": {
        "constellation": "Cru"
      }
    },
    {
      "type": "Feature",
      "geometry": {
        "type": "LineString",
        "coordinates": [
          [
            168.0695,
            -59.68872222222222
          ],
          [
            176.21349999999998,
            -58.74888888888889
          ]
        ]
      },
      "properties": {
        "constellation": "Cru"
      }
    },
    {
      "type": "Feature",
      "geometry": {
        "type": "LineString",
        "coordinates": [
          [
            171.98133333333334,
            -16.19586111111111
          ],
          [
            172.53341666666668,
            -16.515083333333333
          ]
        ]
      },
      "properties": {
        "constellation": "Crv"
      }
    },
    {
      "type": "Feature",
      "geometry": {
        "type": "LineString",
        "coordinates": [
          [
            172.53341666666668,
            -16.515083333333333
          ],
          [
            176.04804166666665,
            -17.541972222222224
          ]
        ]
      },
      "properties": {
        "constellation": "Crv"
      }
    },
    {
      "type": "Feature",
      "geometry": {
        "type": "LineString",
        "coordinates": [
          [
            176.04804166666665,
            -17.541972222222224
          ],
          [
            177.468625,
            -22.619805555555555
          ]
        ]
      },
      "properties": {
        "constellation": "Crv"
      }
    },
    {
      "type": "Feature",
      "geometry": {
        "type": "LineString",
        "coordinates": [
          [
            177.468625,
            -22.619805555555555
          ],
          [
            177.896875,
            -24.728777777777776
          ]
        ]
      },
      "properties": {
        "constellation": "Crv"
      }
    },
    {
      "type": "Feature",
      "geometry": {
        "type": "LineString",
        "coordinates": [
          [
            177.468625,
            -22.619805555555555
          ],
          [
            171.40320833333334,
            -23.39661111111111
          ]
        ]
      },
      "properties": {
        "constellation": "Crv"
      }
    },
    {
      "type": "Feature",
      "geometry": {
        "type": "LineString",
        "coordinates": [
          [
            171.40320833333334,
            -23.39661111111111
          ],
          [
            172.53341666666668,
            -16.515083333333333
          ]
        ]
      },
      "properties": {
        "constellation": "Crv"
      }
    },
    {
      "type": "Feature",
      "geometry": {
        "type": "LineString",
        "coordinates": [
          [
            171.56212499999998,
            41.35677777777778
          ],
          [
            165.99233333333333,
            38.318250000000006
          ]
        ]
      },
      "properties": {
        "constellation": "CVn"
      }
    },
    {
      "type": "Feature",
      "geometry": {
        "type": "LineString",
        "coordinates": [
          [
            70.72454166666665,
            53.36816666666667
          ],
          [
            67.57358333333332,
            51.72947222222223
          ]
        ]
      },
      "properties": {
        "constellation": "Cyg"
      }
    },
    {
      "type": "Feature",
      "geometry": {
        "type": "LineString",
        "coordinates": [
          [
            67.57358333333332,
            51.72947222222223
          ],
          [
            63.75650000000002,
            45.130694444444444
          ]
        ]
      },
      "properties": {
        "constellation": "Cyg"
      }
    },
    {
      "type": "Feature",
      "geometry": {
        "type": "LineString",
        "coordinates": [
          [
            63.75650000000002,
            45.130694444444444
          ],
          [
            54.44291666666669,
            40.25669444444444
          ]
        ]
      },
      "properties": {
        "constellation": "Cyg"
      }
    },
    {
      "type": "Feature",
      "geometry": {
        "type": "LineString",
        "coordinates": [
          [
            54.44291666666669,
            40.25669444444444
          ],
          [
            49.64204166666667,
            45.28033333333333
          ]
        ]
      },
      "properties": {
        "constellation": "Cyg"
      }
    },
    {
      "type": "Feature",
      "geometry": {
        "type": "LineString",
        "coordinates": [
          [
            54.44291666666669,
            40.25669444444444
          ],
          [
            48.448208333333355,
            33.96944444444445
          ]
        ]
      },
      "properties": {
        "constellation": "Cyg"
      }
    },
    {
      "type": "Feature",
      "geometry": {
        "type": "LineString",
        "coordinates": [
          [
            48.448208333333355,
            33.96944444444445
          ],
          [
            41.76591666666667,
            30.227083333333333
          ]
        ]
      },
      "properties": {
        "constellation": "Cyg"
      }
    },
    {
      "type": "Feature",
      "geometry": {
        "type": "LineString",
        "coordinates": [
          [
            41.76591666666667,
            30.227083333333333
          ],
          [
            33.964999999999975,
            28.743222222222222
          ]
        ]
      },
      "properties": {
        "constellation": "Cyg"
      }
    },
    {
      "type": "Feature",
      "geometry": {
        "type": "LineString",
        "coordinates": [
          [
            54.44291666666669,
            40.25669444444444
          ],
          [
            60.92333333333329,
            35.0835
          ]
        ]
      },
      "properties": {
        "constellation": "Cyg"
      }
    },
    {
      "type": "Feature",
      "geometry": {
        "type": "LineString",
        "coordinates": [
          [
            60.92333333333329,
            35.0835
          ],
          [
            67.31962499999997,
            27.959694444444445
          ]
        ]
      },
      "properties": {
        "constellation": "Cyg"
      }
    },
    {
      "type": "Feature",
      "geometry": {
        "type": "LineString",
        "coordinates": [
          [
            51.69683333333336,
            11.303333333333335
          ],
          [
            50.613041666666675,
            14.595194444444445
          ]
        ]
      },
      "properties": {
        "constellation": "Del"
      }
    },
    {
      "type": "Feature",
      "geometry": {
        "type": "LineString",
        "coordinates": [
          [
            50.613041666666675,
            14.595194444444445
          ],
          [
            50.09062499999999,
            15.912055555555556
          ]
        ]
      },
      "properties": {
        "constellation": "Del"
      }
    },
    {
      "type": "Feature",
      "geometry": {
        "type": "LineString",
        "coordinates": [
          [
            50.09062499999999,
            15.912055555555556
          ],
          [
            48.335333333333324,
            16.12477777777778
          ]
        ]
      },
      "properties": {
        "constellation": "Del"
      }
    },
    {
      "type": "Feature",
      "geometry": {
        "type": "LineString",
        "coordinates": [
          [
            48.335333333333324,
            16.12477777777778
          ],
          [
            49.13520833333337,
            15.074694444444445
          ]
        ]
      },
      "properties": {
        "constellation": "Del"
      }
    },
    {
      "type": "Feature",
      "geometry": {
        "type": "LineString",
        "coordinates": [
          [
            49.13520833333337,
            15.074694444444445
          ],
          [
            50.613041666666675,
            14.595194444444445
          ]
        ]
      },
      "properties": {
        "constellation": "Del"
      }
    },
    {
      "type": "Feature",
      "geometry": {
        "type": "LineString",
        "coordinates": [
          [
            -86.19341666666666,
            -65.73552777777778
          ],
          [
            -88.52458333333334,
            -63.09102777777778
          ]
        ]
      },
      "properties": {
        "constellation": "Dor"
      }
    },
    {
      "type": "Feature",
      "geometry": {
        "type": "LineString",
        "coordinates": [
          [
            -88.52458333333334,
            -63.09102777777778
          ],
          [
            -83.40633333333332,
            -62.48986111111111
          ]
        ]
      },
      "properties": {
        "constellation": "Dor"
      }
    },
    {
      "type": "Feature",
      "geometry": {
        "type": "LineString",
        "coordinates": [
          [
            -83.40633333333332,
            -62.48986111111111
          ],
          [
            -86.19341666666666,
            -65.73552777777778
          ]
        ]
      },
      "properties": {
        "constellation": "Dor"
      }
    },
    {
      "type": "Feature",
      "geometry": {
        "type": "LineString",
        "coordinates": [
          [
            -83.40633333333332,
            -62.48986111111111
          ],
          [
            -68.49883333333334,
            -55.044999999999995
          ]
        ]
      },
      "properties": {
        "constellation": "Dor"
      }
    },
    {
      "type": "Feature",
      "geometry": {
        "type": "LineString",
        "coordinates": [
          [
            -68.49883333333334,
            -55.044999999999995
          ],
          [
            -64.00620833333333,
            -51.48708333333333
          ]
        ]
      },
      "properties": {
        "constellation": "Dor"
      }
    },
    {
      "type": "Feature",
      "geometry": {
        "type": "LineString",
        "coordinates": [
          [
            91.61820833333337,
            56.87244444444445
          ],
          [
            90.84841666666665,
            51.48894444444444
          ]
        ]
      },
      "properties": {
        "constellation": "Dra"
      }
    },
    {
      "type": "Feature",
      "geometry": {
        "type": "LineString",
        "coordinates": [
          [
            90.84841666666665,
            51.48894444444444
          ],
          [
            97.39175,
            52.301361111111106
          ]
        ]
      },
      "properties": {
        "constellation": "Dra"
      }
    },
    {
      "type": "Feature",
      "geometry": {
        "type": "LineString",
        "coordinates": [
          [
            97.39175,
            52.301361111111106
          ],
          [
            96.93383333333333,
            55.172805555555556
          ]
        ]
      },
      "properties": {
        "constellation": "Dra"
      }
    },
    {
      "type": "Feature",
      "geometry": {
        "type": "LineString",
        "coordinates": [
          [
            96.93383333333333,
            55.172805555555556
          ],
          [
            91.61820833333337,
            56.87244444444445
          ]
        ]
      },
      "properties": {
        "constellation": "Dra"
      }
    },
    {
      "type": "Feature",
      "geometry": {
        "type": "LineString",
        "coordinates": [
          [
            91.61820833333337,
            56.87244444444445
          ],
          [
            71.861875,
            67.66130555555556
          ]
        ]
      },
      "properties": {
        "constellation": "Dra"
      }
    },
    {
      "type": "Feature",
      "geometry": {
        "type": "LineString",
        "coordinates": [
          [
            71.861875,
            67.66130555555556
          ],
          [
            62.95745833333331,
            70.26783333333333
          ]
        ]
      },
      "properties": {
        "constellation": "Dra"
      }
    },
    {
      "type": "Feature",
      "geometry": {
        "type": "LineString",
        "coordinates": [
          [
            62.95745833333331,
            70.26783333333333
          ],
          [
            84.74024999999995,
            72.73369444444444
          ]
        ]
      },
      "properties": {
        "constellation": "Dra"
      }
    },
    {
      "type": "Feature",
      "geometry": {
        "type": "LineString",
        "coordinates": [
          [
            84.74024999999995,
            72.73369444444444
          ],
          [
            102.80320833333332,
            65.71463888888889
          ]
        ]
      },
      "properties": {
        "constellation": "Dra"
      }
    },
    {
      "type": "Feature",
      "geometry": {
        "type": "LineString",
        "coordinates": [
          [
            102.80320833333332,
            65.71463888888889
          ],
          [
            114.00204166666668,
            61.51408333333333
          ]
        ]
      },
      "properties": {
        "constellation": "Dra"
      }
    },
    {
      "type": "Feature",
      "geometry": {
        "type": "LineString",
        "coordinates": [
          [
            114.00204166666668,
            61.51408333333333
          ],
          [
            119.52625,
            58.56444444444444
          ]
        ]
      },
      "properties": {
        "constellation": "Dra"
      }
    },
    {
      "type": "Feature",
      "geometry": {
        "type": "LineString",
        "coordinates": [
          [
            119.52625,
            58.56444444444444
          ],
          [
            128.76758333333333,
            58.96602777777778
          ]
        ]
      },
      "properties": {
        "constellation": "Dra"
      }
    },
    {
      "type": "Feature",
      "geometry": {
        "type": "LineString",
        "coordinates": [
          [
            128.76758333333333,
            58.96602777777778
          ],
          [
            148.902375,
            64.37580555555554
          ]
        ]
      },
      "properties": {
        "constellation": "Dra"
      }
    },
    {
      "type": "Feature",
      "geometry": {
        "type": "LineString",
        "coordinates": [
          [
            148.902375,
            64.37580555555554
          ],
          [
            171.629,
            69.78822222222222
          ]
        ]
      },
      "properties": {
        "constellation": "Dra"
      }
    },
    {
      "type": "Feature",
      "geometry": {
        "type": "LineString",
        "coordinates": [
          [
            171.629,
            69.78822222222222
          ],
          [
            187.14879166666665,
            69.33111111111111
          ]
        ]
      },
      "properties": {
        "constellation": "Dra"
      }
    },
    {
      "type": "Feature",
      "geometry": {
        "type": "LineString",
        "coordinates": [
          [
            42.41470833333335,
            10.131944444444445
          ],
          [
            41.38004166666667,
            10.007722222222222
          ]
        ]
      },
      "properties": {
        "constellation": "Equ"
      }
    },
    {
      "type": "Feature",
      "geometry": {
        "type": "LineString",
        "coordinates": [
          [
            41.38004166666667,
            10.007722222222222
          ],
          [
            39.27674999999999,
            6.811111111111111
          ]
        ]
      },
      "properties": {
        "constellation": "Equ"
      }
    },
    {
      "type": "Feature",
      "geometry": {
        "type": "LineString",
        "coordinates": [
          [
            39.27674999999999,
            6.811111111111111
          ],
          [
            41.04416666666668,
            5.248083333333334
          ]
        ]
      },
      "properties": {
        "constellation": "Equ"
      }
    },
    {
      "type": "Feature",
      "geometry": {
        "type": "LineString",
        "coordinates": [
          [
            41.04416666666668,
            5.248083333333334
          ],
          [
            42.41470833333335,
            10.131944444444445
          ]
        ]
      },
      "properties": {
        "constellation": "Equ"
      }
    },
    {
      "type": "Feature",
      "geometry": {
        "type": "LineString",
        "coordinates": [
          [
            -24.428125,
            -57.236666666666665
          ],
          [
            -28.986791666666665,
            -51.60958333333333
          ]
        ]
      },
      "properties": {
        "constellation": "Eri"
      }
    },
    {
      "type": "Feature",
      "geometry": {
        "type": "LineString",
        "coordinates": [
          [
            -28.986791666666665,
            -51.60958333333333
          ],
          [
            -34.12708333333333,
            -51.51211111111111
          ]
        ]
      },
      "properties": {
        "constellation": "Eri"
      }
    },
    {
      "type": "Feature",
      "geometry": {
        "type": "LineString",
        "coordinates": [
          [
            -34.12708333333333,
            -51.51211111111111
          ],
          [
            -36.74625,
            -47.703833333333336
          ]
        ]
      },
      "properties": {
        "constellation": "Eri"
      }
    },
    {
      "type": "Feature",
      "geometry": {
        "type": "LineString",
        "coordinates": [
          [
            -36.74625,
            -47.703833333333336
          ],
          [
            -39.949666666666666,
            -42.89163888888889
          ]
        ]
      },
      "properties": {
        "constellation": "Eri"
      }
    },
    {
      "type": "Feature",
      "geometry": {
        "type": "LineString",
        "coordinates": [
          [
            -39.949666666666666,
            -42.89163888888889
          ],
          [
            -40.166375,
            -39.85530555555556
          ]
        ]
      },
      "properties": {
        "constellation": "Eri"
      }
    },
    {
      "type": "Feature",
      "geometry": {
        "type": "LineString",
        "coordinates": [
          [
            -40.166375,
            -39.85530555555556
          ],
          [
            -44.56550000000001,
            -40.30472222222222
          ]
        ]
      },
      "properties": {
        "constellation": "Eri"
      }
    },
    {
      "type": "Feature",
      "geometry": {
        "type": "LineString",
        "coordinates": [
          [
            -44.56550000000001,
            -40.30472222222222
          ],
          [
            -49.97175,
            -43.071555555555555
          ]
        ]
      },
      "properties": {
        "constellation": "Eri"
      }
    },
    {
      "type": "Feature",
      "geometry": {
        "type": "LineString",
        "coordinates": [
          [
            -49.97175,
            -43.071555555555555
          ],
          [
            -57.149249999999995,
            -37.62013888888889
          ]
        ]
      },
      "properties": {
        "constellation": "Eri"
      }
    },
    {
      "type": "Feature",
      "geometry": {
        "type": "LineString",
        "coordinates": [
          [
            -57.149249999999995,
            -37.62013888888889
          ],
          [
            -57.36366666666666,
            -36.20011111111111
          ]
        ]
      },
      "properties": {
        "constellation": "Eri"
      }
    },
    {
      "type": "Feature",
      "geometry": {
        "type": "LineString",
        "coordinates": [
          [
            -57.36366666666666,
            -36.20011111111111
          ],
          [
            -64.47341666666667,
            -33.79833333333333
          ]
        ]
      },
      "properties": {
        "constellation": "Eri"
      }
    },
    {
      "type": "Feature",
      "geometry": {
        "type": "LineString",
        "coordinates": [
          [
            -64.47341666666667,
            -33.79833333333333
          ],
          [
            -66.00904166666668,
            -34.016999999999996
          ]
        ]
      },
      "properties": {
        "constellation": "Eri"
      }
    },
    {
      "type": "Feature",
      "geometry": {
        "type": "LineString",
        "coordinates": [
          [
            -66.00904166666668,
            -34.016999999999996
          ],
          [
            -68.88779166666666,
            -30.562305555555557
          ]
        ]
      },
      "properties": {
        "constellation": "Eri"
      }
    },
    {
      "type": "Feature",
      "geometry": {
        "type": "LineString",
        "coordinates": [
          [
            -68.88779166666666,
            -30.562305555555557
          ],
          [
            -56.71245833333334,
            -23.248444444444445
          ]
        ]
      },
      "properties": {
        "constellation": "Eri"
      }
    },
    {
      "type": "Feature",
      "geometry": {
        "type": "LineString",
        "coordinates": [
          [
            -56.71245833333334,
            -23.248444444444445
          ],
          [
            -53.446875,
            -21.632805555555557
          ]
        ]
      },
      "properties": {
        "constellation": "Eri"
      }
    },
    {
      "type": "Feature",
      "geometry": {
        "type": "LineString",
        "coordinates": [
          [
            -53.446875,
            -21.632805555555557
          ],
          [
            -49.879041666666666,
            -21.757944444444444
          ]
        ]
      },
      "properties": {
        "constellation": "Eri"
      }
    },
    {
      "type": "Feature",
      "geometry": {
        "type": "LineString",
        "coordinates": [
          [
            -49.879041666666666,
            -21.757944444444444
          ],
          [
            -45.59829166666667,
            -23.624333333333333
          ]
        ]
      },
      "properties": {
        "constellation": "Eri"
      }
    },
    {
      "type": "Feature",
      "geometry": {
        "type": "LineString",
        "coordinates": [
          [
            -45.59829166666667,
            -23.624333333333333
          ],
          [
            -41.27491666666666,
            -18.57263888888889
          ]
        ]
      },
      "properties": {
        "constellation": "Eri"
      }
    },
    {
      "type": "Feature",
      "geometry": {
        "type": "LineString",
        "coordinates": [
          [
            -41.27491666666666,
            -18.57263888888889
          ],
          [
            -44.10666666666667,
            -8.897611111111111
          ]
        ]
      },
      "properties": {
        "constellation": "Eri"
      }
    },
    {
      "type": "Feature",
      "geometry": {
        "type": "LineString",
        "coordinates": [
          [
            -44.10666666666667,
            -8.897611111111111
          ],
          [
            -48.95845833333333,
            -8.819833333333333
          ]
        ]
      },
      "properties": {
        "constellation": "Eri"
      }
    },
    {
      "type": "Feature",
      "geometry": {
        "type": "LineString",
        "coordinates": [
          [
            -48.95845833333333,
            -8.819833333333333
          ],
          [
            -53.235083333333336,
            -9.458305555555555
          ]
        ]
      },
      "properties": {
        "constellation": "Eri"
      }
    },
    {
      "type": "Feature",
      "geometry": {
        "type": "LineString",
        "coordinates": [
          [
            -53.235083333333336,
            -9.458305555555555
          ],
          [
            -55.812333333333335,
            -9.765194444444445
          ]
        ]
      },
      "properties": {
        "constellation": "Eri"
      }
    },
    {
      "type": "Feature",
      "geometry": {
        "type": "LineString",
        "coordinates": [
          [
            -55.812333333333335,
            -9.765194444444445
          ],
          [
            -69.07974999999999,
            -3.3524444444444446
          ]
        ]
      },
      "properties": {
        "constellation": "Eri"
      }
    },
    {
      "type": "Feature",
      "geometry": {
        "type": "LineString",
        "coordinates": [
          [
            -69.07974999999999,
            -3.3524444444444446
          ],
          [
            -71.37558333333334,
            -3.254611111111111
          ]
        ]
      },
      "properties": {
        "constellation": "Eri"
      }
    },
    {
      "type": "Feature",
      "geometry": {
        "type": "LineString",
        "coordinates": [
          [
            -71.37558333333334,
            -3.254611111111111
          ],
          [
            -73.22366666666667,
            -5.45275
          ]
        ]
      },
      "properties": {
        "constellation": "Eri"
      }
    },
    {
      "type": "Feature",
      "geometry": {
        "type": "LineString",
        "coordinates": [
          [
            -73.22366666666667,
            -5.45275
          ],
          [
            -76.96262499999999,
            -5.08625
          ]
        ]
      },
      "properties": {
        "constellation": "Eri"
      }
    },
    {
      "type": "Feature",
      "geometry": {
        "type": "LineString",
        "coordinates": [
          [
            -76.96262499999999,
            -5.08625
          ],
          [
            -77.28658333333334,
            -8.754083333333334
          ]
        ]
      },
      "properties": {
        "constellation": "Eri"
      }
    },
    {
      "type": "Feature",
      "geometry": {
        "type": "LineString",
        "coordinates": [
          [
            -77.28658333333334,
            -8.754083333333334
          ],
          [
            -69.54529166666666,
            -14.303583333333334
          ]
        ]
      },
      "properties": {
        "constellation": "Eri"
      }
    },
    {
      "type": "Feature",
      "geometry": {
        "type": "LineString",
        "coordinates": [
          [
            -42.27233333333333,
            -32.406277777777774
          ],
          [
            -48.017833333333336,
            -28.98911111111111
          ]
        ]
      },
      "properties": {
        "constellation": "For"
      }
    },
    {
      "type": "Feature",
      "geometry": {
        "type": "LineString",
        "coordinates": [
          [
            -99.42791666666668,
            16.399416666666667
          ],
          [
            -106.02725,
            20.570305555555557
          ]
        ]
      },
      "properties": {
        "constellation": "Gem"
      }
    },
    {
      "type": "Feature",
      "geometry": {
        "type": "LineString",
        "coordinates": [
          [
            -106.02725,
            20.570305555555557
          ],
          [
            -110.03079166666667,
            21.982333333333333
          ]
        ]
      },
      "properties": {
        "constellation": "Gem"
      }
    },
    {
      "type": "Feature",
      "geometry": {
        "type": "LineString",
        "coordinates": [
          [
            -110.03079166666667,
            21.982333333333333
          ],
          [
            -109.523375,
            16.540472222222224
          ]
        ]
      },
      "properties": {
        "constellation": "Gem"
      }
    },
    {
      "type": "Feature",
      "geometry": {
        "type": "LineString",
        "coordinates": [
          [
            -109.523375,
            16.540472222222224
          ],
          [
            -101.322625,
            12.896055555555556
          ]
        ]
      },
      "properties": {
        "constellation": "Gem"
      }
    },
    {
      "type": "Feature",
      "geometry": {
        "type": "LineString",
        "coordinates": [
          [
            -110.03079166666667,
            21.982333333333333
          ],
          [
            -113.98070833333333,
            26.896
          ]
        ]
      },
      "properties": {
        "constellation": "Gem"
      }
    },
    {
      "type": "Feature",
      "geometry": {
        "type": "LineString",
        "coordinates": [
          [
            -113.98070833333333,
            26.896
          ],
          [
            -116.11195833333333,
            24.398138888888887
          ]
        ]
      },
      "properties": {
        "constellation": "Gem"
      }
    },
    {
      "type": "Feature",
      "geometry": {
        "type": "LineString",
        "coordinates": [
          [
            -113.98070833333333,
            26.896
          ],
          [
            -116.33066666666666,
            28.026305555555556
          ]
        ]
      },
      "properties": {
        "constellation": "Gem"
      }
    },
    {
      "type": "Feature",
      "geometry": {
        "type": "LineString",
        "coordinates": [
          [
            -113.98070833333333,
            26.896
          ],
          [
            -111.43200000000002,
            27.79827777777778
          ]
        ]
      },
      "properties": {
        "constellation": "Gem"
      }
    },
    {
      "type": "Feature",
      "geometry": {
        "type": "LineString",
        "coordinates": [
          [
            -111.43200000000002,
            27.79827777777778
          ],
          [
            -107.78495833333335,
            30.24527777777778
          ]
        ]
      },
      "properties": {
        "constellation": "Gem"
      }
    },
    {
      "type": "Feature",
      "geometry": {
        "type": "LineString",
        "coordinates": [
          [
            -107.78495833333335,
            30.24527777777778
          ],
          [
            -113.64999999999999,
            31.888638888888888
          ]
        ]
      },
      "properties": {
        "constellation": "Gem"
      }
    },
    {
      "type": "Feature",
      "geometry": {
        "type": "LineString",
        "coordinates": [
          [
            -107.78495833333335,
            30.24527777777778
          ],
          [
            -103.19725000000001,
            33.96136111111112
          ]
        ]
      },
      "properties": {
        "constellation": "Gem"
      }
    },
    {
      "type": "Feature",
      "geometry": {
        "type": "LineString",
        "coordinates": [
          [
            -107.78495833333335,
            30.24527777777778
          ],
          [
            -100.98304166666668,
            25.13116666666667
          ]
        ]
      },
      "properties": {
        "constellation": "Gem"
      }
    },
    {
      "type": "Feature",
      "geometry": {
        "type": "LineString",
        "coordinates": [
          [
            -100.98304166666668,
            25.13116666666667
          ],
          [
            -97.24079166666667,
            20.212166666666665
          ]
        ]
      },
      "properties": {
        "constellation": "Gem"
      }
    },
    {
      "type": "Feature",
      "geometry": {
        "type": "LineString",
        "coordinates": [
          [
            -100.98304166666668,
            25.13116666666667
          ],
          [
            -95.73995833333333,
            22.51386111111111
          ]
        ]
      },
      "properties": {
        "constellation": "Gem"
      }
    },
    {
      "type": "Feature",
      "geometry": {
        "type": "LineString",
        "coordinates": [
          [
            -95.73995833333333,
            22.51386111111111
          ],
          [
            -93.71958333333335,
            22.506833333333333
          ]
        ]
      },
      "properties": {
        "constellation": "Gem"
      }
    },
    {
      "type": "Feature",
      "geometry": {
        "type": "LineString",
        "coordinates": [
          [
            -93.71958333333335,
            22.506833333333333
          ],
          [
            -91.03008333333334,
            23.263638888888888
          ]
        ]
      },
      "properties": {
        "constellation": "Gem"
      }
    },
    {
      "type": "Feature",
      "geometry": {
        "type": "LineString",
        "coordinates": [
          [
            13.280124999999998,
            -43.52033333333333
          ],
          [
            22.682708333333323,
            -43.495555555555555
          ]
        ]
      },
      "properties": {
        "constellation": "Gru"
      }
    },
    {
      "type": "Feature",
      "geometry": {
        "type": "LineString",
        "coordinates": [
          [
            22.682708333333323,
            -43.495555555555555
          ],
          [
            27.94216666666665,
            -46.96061111111111
          ]
        ]
      },
      "properties": {
        "constellation": "Gru"
      }
    },
    {
      "type": "Feature",
      "geometry": {
        "type": "LineString",
        "coordinates": [
          [
            27.94216666666665,
            -46.96061111111111
          ],
          [
            19.33362500000004,
            -46.88455555555556
          ]
        ]
      },
      "properties": {
        "constellation": "Gru"
      }
    },
    {
      "type": "Feature",
      "geometry": {
        "type": "LineString",
        "coordinates": [
          [
            19.33362500000004,
            -46.88455555555556
          ],
          [
            12.410708333333275,
            -45.24663888888889
          ]
        ]
      },
      "properties": {
        "constellation": "Gru"
      }
    },
    {
      "type": "Feature",
      "geometry": {
        "type": "LineString",
        "coordinates": [
          [
            12.410708333333275,
            -45.24663888888889
          ],
          [
            13.280124999999998,
            -43.52033333333333
          ]
        ]
      },
      "properties": {
        "constellation": "Gru"
      }
    },
    {
      "type": "Feature",
      "geometry": {
        "type": "LineString",
        "coordinates": [
          [
            19.33362500000004,
            -46.88455555555556
          ],
          [
            14.77970833333336,
            -52.75411111111111
          ]
        ]
      },
      "properties": {
        "constellation": "Gru"
      }
    },
    {
      "type": "Feature",
      "geometry": {
        "type": "LineString",
        "coordinates": [
          [
            19.33362500000004,
            -46.88455555555556
          ],
          [
            17.86166666666668,
            -51.31669444444445
          ]
        ]
      },
      "properties": {
        "constellation": "Gru"
      }
    },
    {
      "type": "Feature",
      "geometry": {
        "type": "LineString",
        "coordinates": [
          [
            27.94216666666665,
            -46.96061111111111
          ],
          [
            28.471249999999998,
            -39.543055555555554
          ]
        ]
      },
      "properties": {
        "constellation": "Gru"
      }
    },
    {
      "type": "Feature",
      "geometry": {
        "type": "LineString",
        "coordinates": [
          [
            28.471249999999998,
            -39.543055555555554
          ],
          [
            31.518124999999998,
            -37.36483333333334
          ]
        ]
      },
      "properties": {
        "constellation": "Gru"
      }
    },
    {
      "type": "Feature",
      "geometry": {
        "type": "LineString",
        "coordinates": [
          [
            95.1337916666667,
            46.00633333333333
          ],
          [
            90.93674999999996,
            37.250527777777776
          ]
        ]
      },
      "properties": {
        "constellation": "Her"
      }
    },
    {
      "type": "Feature",
      "geometry": {
        "type": "LineString",
        "coordinates": [
          [
            90.93674999999996,
            37.250527777777776
          ],
          [
            99.07929166666668,
            37.145916666666665
          ]
        ]
      },
      "properties": {
        "constellation": "Her"
      }
    },
    {
      "type": "Feature",
      "geometry": {
        "type": "LineString",
        "coordinates": [
          [
            99.07929166666668,
            37.145916666666665
          ],
          [
            100.58212500000002,
            37.291333333333334
          ]
        ]
      },
      "properties": {
        "constellation": "Her"
      }
    },
    {
      "type": "Feature",
      "geometry": {
        "type": "LineString",
        "coordinates": [
          [
            100.58212500000002,
            37.291333333333334
          ],
          [
            101.23812499999997,
            36.80916666666666
          ]
        ]
      },
      "properties": {
        "constellation": "Her"
      }
    },
    {
      "type": "Feature",
      "geometry": {
        "type": "LineString",
        "coordinates": [
          [
            101.23812499999997,
            36.80916666666666
          ],
          [
            109.27608333333333,
            38.92247222222222
          ]
        ]
      },
      "properties": {
        "constellation": "Her"
      }
    },
    {
      "type": "Feature",
      "geometry": {
        "type": "LineString",
        "coordinates": [
          [
            109.27608333333333,
            38.92247222222222
          ],
          [
            111.47420833333337,
            42.43688888888889
          ]
        ]
      },
      "properties": {
        "constellation": "Her"
      }
    },
    {
      "type": "Feature",
      "geometry": {
        "type": "LineString",
        "coordinates": [
          [
            111.47420833333337,
            42.43688888888889
          ],
          [
            115.06479166666668,
            46.31327777777778
          ]
        ]
      },
      "properties": {
        "constellation": "Her"
      }
    },
    {
      "type": "Feature",
      "geometry": {
        "type": "LineString",
        "coordinates": [
          [
            115.06479166666668,
            46.31327777777778
          ],
          [
            121.83254166666666,
            42.45
          ]
        ]
      },
      "properties": {
        "constellation": "Her"
      }
    },
    {
      "type": "Feature",
      "geometry": {
        "type": "LineString",
        "coordinates": [
          [
            109.27608333333333,
            38.92247222222222
          ],
          [
            109.67716666666666,
            31.60188888888889
          ]
        ]
      },
      "properties": {
        "constellation": "Her"
      }
    },
    {
      "type": "Feature",
      "geometry": {
        "type": "LineString",
        "coordinates": [
          [
            109.67716666666666,
            31.60188888888889
          ],
          [
            112.44474999999997,
            21.48963888888889
          ]
        ]
      },
      "properties": {
        "constellation": "Her"
      }
    },
    {
      "type": "Feature",
      "geometry": {
        "type": "LineString",
        "coordinates": [
          [
            112.44474999999997,
            21.48963888888889
          ],
          [
            114.51983333333331,
            19.153027777777776
          ]
        ]
      },
      "properties": {
        "constellation": "Her"
      }
    },
    {
      "type": "Feature",
      "geometry": {
        "type": "LineString",
        "coordinates": [
          [
            109.67716666666666,
            31.60188888888889
          ],
          [
            104.92745833333333,
            30.926333333333336
          ]
        ]
      },
      "properties": {
        "constellation": "Her"
      }
    },
    {
      "type": "Feature",
      "geometry": {
        "type": "LineString",
        "coordinates": [
          [
            104.92745833333333,
            30.926333333333336
          ],
          [
            97.31541666666664,
            26.110611111111112
          ]
        ]
      },
      "properties": {
        "constellation": "Her"
      }
    },
    {
      "type": "Feature",
      "geometry": {
        "type": "LineString",
        "coordinates": [
          [
            97.31541666666664,
            26.110611111111112
          ],
          [
            101.24200000000002,
            24.839583333333334
          ]
        ]
      },
      "properties": {
        "constellation": "Her"
      }
    },
    {
      "type": "Feature",
      "geometry": {
        "type": "LineString",
        "coordinates": [
          [
            93.3845,
            27.722499999999997
          ],
          [
            90.55904166666664,
            29.24791666666667
          ]
        ]
      },
      "properties": {
        "constellation": "Her"
      }
    },
    {
      "type": "Feature",
      "geometry": {
        "type": "LineString",
        "coordinates": [
          [
            90.55904166666664,
            29.24791666666667
          ],
          [
            88.114375,
            28.76247222222222
          ]
        ]
      },
      "properties": {
        "constellation": "Her"
      }
    },
    {
      "type": "Feature",
      "geometry": {
        "type": "LineString",
        "coordinates": [
          [
            90.55904166666664,
            29.24791666666667
          ],
          [
            93.3845,
            27.722499999999997
          ]
        ]
      },
      "properties": {
        "constellation": "Her"
      }
    },
    {
      "type": "Feature",
      "geometry": {
        "type": "LineString",
        "coordinates": [
          [
            104.92745833333333,
            30.926333333333336
          ],
          [
            101.23812499999997,
            36.80916666666666
          ]
        ]
      },
      "properties": {
        "constellation": "Her"
      }
    },
    {
      "type": "Feature",
      "geometry": {
        "type": "LineString",
        "coordinates": [
          [
            -63.50033333333334,
            -42.293861111111106
          ],
          [
            -40.16491666666666,
            -54.54991666666667
          ]
        ]
      },
      "properties": {
        "constellation": "Hor"
      }
    },
    {
      "type": "Feature",
      "geometry": {
        "type": "LineString",
        "coordinates": [
          [
            -40.16491666666666,
            -54.54991666666667
          ],
          [
            -45.90375,
            -59.737611111111114
          ]
        ]
      },
      "properties": {
        "constellation": "Hor"
      }
    },
    {
      "type": "Feature",
      "geometry": {
        "type": "LineString",
        "coordinates": [
          [
            -130.80620833333333,
            3.3986666666666667
          ],
          [
            -129.68937499999998,
            3.3414722222222224
          ]
        ]
      },
      "properties": {
        "constellation": "Hya"
      }
    },
    {
      "type": "Feature",
      "geometry": {
        "type": "LineString",
        "coordinates": [
          [
            -129.68937499999998,
            3.3414722222222224
          ],
          [
            -129.41420833333333,
            5.703805555555555
          ]
        ]
      },
      "properties": {
        "constellation": "Hya"
      }
    },
    {
      "type": "Feature",
      "geometry": {
        "type": "LineString",
        "coordinates": [
          [
            -129.41420833333333,
            5.703805555555555
          ],
          [
            -131.694375,
            6.418916666666667
          ]
        ]
      },
      "properties": {
        "constellation": "Hya"
      }
    },
    {
      "type": "Feature",
      "geometry": {
        "type": "LineString",
        "coordinates": [
          [
            -131.694375,
            6.418916666666667
          ],
          [
            -132.10825,
            5.837888888888888
          ]
        ]
      },
      "properties": {
        "constellation": "Hya"
      }
    },
    {
      "type": "Feature",
      "geometry": {
        "type": "LineString",
        "coordinates": [
          [
            -132.10825,
            5.837888888888888
          ],
          [
            -130.80620833333333,
            3.3986666666666667
          ]
        ]
      },
      "properties": {
        "constellation": "Hya"
      }
    },
    {
      "type": "Feature",
      "geometry": {
        "type": "LineString",
        "coordinates": [
          [
            -132.10825,
            5.837888888888888
          ],
          [
            -133.84866666666667,
            5.945527777777778
          ]
        ]
      },
      "properties": {
        "constellation": "Hya"
      }
    },
    {
      "type": "Feature",
      "geometry": {
        "type": "LineString",
        "coordinates": [
          [
            -133.84866666666667,
            5.945527777777778
          ],
          [
            -138.59079166666666,
            2.3150277777777775
          ]
        ]
      },
      "properties": {
        "constellation": "Hya"
      }
    },
    {
      "type": "Feature",
      "geometry": {
        "type": "LineString",
        "coordinates": [
          [
            -138.59079166666666,
            2.3150277777777775
          ],
          [
            -142.9955416666667,
            -1.1846666666666668
          ]
        ]
      },
      "properties": {
        "constellation": "Hya"
      }
    },
    {
      "type": "Feature",
      "geometry": {
        "type": "LineString",
        "coordinates": [
          [
            -142.9955416666667,
            -1.1846666666666668
          ],
          [
            -142.2868333333333,
            -2.768944444444444
          ]
        ]
      },
      "properties": {
        "constellation": "Hya"
      }
    },
    {
      "type": "Feature",
      "geometry": {
        "type": "LineString",
        "coordinates": [
          [
            -142.2868333333333,
            -2.768944444444444
          ],
          [
            -141.896875,
            -8.658694444444444
          ]
        ]
      },
      "properties": {
        "constellation": "Hya"
      }
    },
    {
      "type": "Feature",
      "geometry": {
        "type": "LineString",
        "coordinates": [
          [
            -141.896875,
            -8.658694444444444
          ],
          [
            -147.8695,
            -14.846555555555556
          ]
        ]
      },
      "properties": {
        "constellation": "Hya"
      }
    },
    {
      "type": "Feature",
      "geometry": {
        "type": "LineString",
        "coordinates": [
          [
            -147.8695,
            -14.846555555555556
          ],
          [
            -152.64749999999998,
            -12.353833333333332
          ]
        ]
      },
      "properties": {
        "constellation": "Hya"
      }
    },
    {
      "type": "Feature",
      "geometry": {
        "type": "LineString",
        "coordinates": [
          [
            -152.64749999999998,
            -12.353833333333332
          ],
          [
            -156.52295833333335,
            -16.83608333333333
          ]
        ]
      },
      "properties": {
        "constellation": "Hya"
      }
    },
    {
      "type": "Feature",
      "geometry": {
        "type": "LineString",
        "coordinates": [
          [
            -156.52295833333335,
            -16.83608333333333
          ],
          [
            -162.40595833333333,
            -16.19413888888889
          ]
        ]
      },
      "properties": {
        "constellation": "Hya"
      }
    },
    {
      "type": "Feature",
      "geometry": {
        "type": "LineString",
        "coordinates": [
          [
            -162.40595833333333,
            -16.19413888888889
          ],
          [
            -173.25108333333336,
            -31.85752777777778
          ]
        ]
      },
      "properties": {
        "constellation": "Hya"
      }
    },
    {
      "type": "Feature",
      "geometry": {
        "type": "LineString",
        "coordinates": [
          [
            -173.25108333333336,
            -31.85752777777778
          ],
          [
            -178.22733333333335,
            -33.908138888888885
          ]
        ]
      },
      "properties": {
        "constellation": "Hya"
      }
    },
    {
      "type": "Feature",
      "geometry": {
        "type": "LineString",
        "coordinates": [
          [
            181.77266666666665,
            -33.908138888888885
          ],
          [
            162.7363333333333,
            -23.11797222222222
          ]
        ]
      },
      "properties": {
        "constellation": "Hya"
      }
    },
    {
      "type": "Feature",
      "geometry": {
        "type": "LineString",
        "coordinates": [
          [
            162.7363333333333,
            -23.11797222222222
          ],
          [
            160.26979166666663,
            -23.17141666666667
          ]
        ]
      },
      "properties": {
        "constellation": "Hya"
      }
    },
    {
      "type": "Feature",
      "geometry": {
        "type": "LineString",
        "coordinates": [
          [
            -6.413333333333334,
            -77.25502777777778
          ],
          [
            -56.80929166666667,
            -74.23925
          ]
        ]
      },
      "properties": {
        "constellation": "Hyi"
      }
    },
    {
      "type": "Feature",
      "geometry": {
        "type": "LineString",
        "coordinates": [
          [
            -56.80929166666667,
            -74.23925
          ],
          [
            -39.89675,
            -68.26694444444445
          ]
        ]
      },
      "properties": {
        "constellation": "Hyi"
      }
    },
    {
      "type": "Feature",
      "geometry": {
        "type": "LineString",
        "coordinates": [
          [
            -39.89675,
            -68.26694444444445
          ],
          [
            -35.437583333333336,
            -68.65941666666667
          ]
        ]
      },
      "properties": {
        "constellation": "Hyi"
      }
    },
    {
      "type": "Feature",
      "geometry": {
        "type": "LineString",
        "coordinates": [
          [
            -35.437583333333336,
            -68.65941666666667
          ],
          [
            -29.691125000000003,
            -61.56991666666667
          ]
        ]
      },
      "properties": {
        "constellation": "Hyi"
      }
    },
    {
      "type": "Feature",
      "geometry": {
        "type": "LineString",
        "coordinates": [
          [
            40.03383333333329,
            -53.44927777777777
          ],
          [
            50.60837499999997,
            -47.291666666666664
          ]
        ]
      },
      "properties": {
        "constellation": "Ind"
      }
    },
    {
      "type": "Feature",
      "geometry": {
        "type": "LineString",
        "coordinates": [
          [
            50.60837499999997,
            -47.291666666666664
          ],
          [
            46.297583333333364,
            -58.45408333333334
          ]
        ]
      },
      "properties": {
        "constellation": "Ind"
      }
    },
    {
      "type": "Feature",
      "geometry": {
        "type": "LineString",
        "coordinates": [
          [
            46.297583333333364,
            -58.45408333333334
          ],
          [
            40.03383333333329,
            -53.44927777777777
          ]
        ]
      },
      "properties": {
        "constellation": "Ind"
      }
    },
    {
      "type": "Feature",
      "geometry": {
        "type": "LineString",
        "coordinates": [
          [
            26.00762500000002,
            37.74872222222222
          ],
          [
            22.378083333333336,
            43.12338888888889
          ]
        ]
      },
      "properties": {
        "constellation": "Lac"
      }
    },
    {
      "type": "Feature",
      "geometry": {
        "type": "LineString",
        "coordinates": [
          [
            22.378083333333336,
            43.12338888888889
          ],
          [
            22.617416666666657,
            47.70688888888889
          ]
        ]
      },
      "properties": {
        "constellation": "Lac"
      }
    },
    {
      "type": "Feature",
      "geometry": {
        "type": "LineString",
        "coordinates": [
          [
            22.617416666666657,
            47.70688888888889
          ],
          [
            23.870833333333337,
            49.47638888888889
          ]
        ]
      },
      "properties": {
        "constellation": "Lac"
      }
    },
    {
      "type": "Feature",
      "geometry": {
        "type": "LineString",
        "coordinates": [
          [
            23.870833333333337,
            49.47638888888889
          ],
          [
            24.109833333333313,
            52.2295
          ]
        ]
      },
      "properties": {
        "constellation": "Lac"
      }
    },
    {
      "type": "Feature",
      "geometry": {
        "type": "LineString",
        "coordinates": [
          [
            24.109833333333313,
            52.2295
          ],
          [
            22.17758333333336,
            50.282444444444444
          ]
        ]
      },
      "properties": {
        "constellation": "Lac"
      }
    },
    {
      "type": "Feature",
      "geometry": {
        "type": "LineString",
        "coordinates": [
          [
            22.17758333333336,
            50.282444444444444
          ],
          [
            22.617416666666657,
            47.70688888888889
          ]
        ]
      },
      "properties": {
        "constellation": "Lac"
      }
    },
    {
      "type": "Feature",
      "geometry": {
        "type": "LineString",
        "coordinates": [
          [
            -177.26616666666666,
            14.572333333333333
          ],
          [
            -168.56016666666667,
            15.429749999999999
          ]
        ]
      },
      "properties": {
        "constellation": "Leo"
      }
    },
    {
      "type": "Feature",
      "geometry": {
        "type": "LineString",
        "coordinates": [
          [
            -168.56016666666667,
            15.429749999999999
          ],
          [
            -152.09358333333333,
            11.967194444444445
          ]
        ]
      },
      "properties": {
        "constellation": "Leo"
      }
    },
    {
      "type": "Feature",
      "geometry": {
        "type": "LineString",
        "coordinates": [
          [
            -152.09358333333333,
            11.967194444444445
          ],
          [
            -151.833125,
            16.762666666666668
          ]
        ]
      },
      "properties": {
        "constellation": "Leo"
      }
    },
    {
      "type": "Feature",
      "geometry": {
        "type": "LineString",
        "coordinates": [
          [
            -151.833125,
            16.762666666666668
          ],
          [
            -154.9923333333333,
            19.84186111111111
          ]
        ]
      },
      "properties": {
        "constellation": "Leo"
      }
    },
    {
      "type": "Feature",
      "geometry": {
        "type": "LineString",
        "coordinates": [
          [
            -154.9923333333333,
            19.84186111111111
          ],
          [
            -168.52670833333332,
            20.52402777777778
          ]
        ]
      },
      "properties": {
        "constellation": "Leo"
      }
    },
    {
      "type": "Feature",
      "geometry": {
        "type": "LineString",
        "coordinates": [
          [
            -168.52670833333332,
            20.52402777777778
          ],
          [
            -177.26616666666666,
            14.572333333333333
          ]
        ]
      },
      "properties": {
        "constellation": "Leo"
      }
    },
    {
      "type": "Feature",
      "geometry": {
        "type": "LineString",
        "coordinates": [
          [
            -154.9923333333333,
            19.84186111111111
          ],
          [
            -154.1725,
            23.417333333333335
          ]
        ]
      },
      "properties": {
        "constellation": "Leo"
      }
    },
    {
      "type": "Feature",
      "geometry": {
        "type": "LineString",
        "coordinates": [
          [
            -154.1725,
            23.417333333333335
          ],
          [
            -148.1915,
            26.007083333333334
          ]
        ]
      },
      "properties": {
        "constellation": "Leo"
      }
    },
    {
      "type": "Feature",
      "geometry": {
        "type": "LineString",
        "coordinates": [
          [
            -148.1915,
            26.007083333333334
          ],
          [
            -146.46291666666664,
            23.774277777777776
          ]
        ]
      },
      "properties": {
        "constellation": "Leo"
      }
    },
    {
      "type": "Feature",
      "geometry": {
        "type": "LineString",
        "coordinates": [
          [
            -168.52670833333332,
            20.52402777777778
          ],
          [
            -168.56016666666667,
            15.429749999999999
          ]
        ]
      },
      "properties": {
        "constellation": "Leo"
      }
    },
    {
      "type": "Feature",
      "geometry": {
        "type": "LineString",
        "coordinates": [
          [
            -91.53887499999999,
            -14.935277777777777
          ],
          [
            -89.10133333333333,
            -14.168027777777777
          ]
        ]
      },
      "properties": {
        "constellation": "Lep"
      }
    },
    {
      "type": "Feature",
      "geometry": {
        "type": "LineString",
        "coordinates": [
          [
            -89.10133333333333,
            -14.168027777777777
          ],
          [
            -86.73895833333333,
            -14.821944444444444
          ]
        ]
      },
      "properties": {
        "constellation": "Lep"
      }
    },
    {
      "type": "Feature",
      "geometry": {
        "type": "LineString",
        "coordinates": [
          [
            -86.73895833333333,
            -14.821944444444444
          ],
          [
            -83.18254166666665,
            -17.822305555555555
          ]
        ]
      },
      "properties": {
        "constellation": "Lep"
      }
    },
    {
      "type": "Feature",
      "geometry": {
        "type": "LineString",
        "coordinates": [
          [
            -83.18254166666665,
            -17.822305555555555
          ],
          [
            -78.23279166666667,
            -16.205416666666665
          ]
        ]
      },
      "properties": {
        "constellation": "Lep"
      }
    },
    {
      "type": "Feature",
      "geometry": {
        "type": "LineString",
        "coordinates": [
          [
            -83.18254166666665,
            -17.822305555555555
          ],
          [
            -87.82979166666667,
            -20.8775
          ]
        ]
      },
      "properties": {
        "constellation": "Lep"
      }
    },
    {
      "type": "Feature",
      "geometry": {
        "type": "LineString",
        "coordinates": [
          [
            -87.82979166666667,
            -20.8775
          ],
          [
            -86.11654166666666,
            -22.4475
          ]
        ]
      },
      "properties": {
        "constellation": "Lep"
      }
    },
    {
      "type": "Feature",
      "geometry": {
        "type": "LineString",
        "coordinates": [
          [
            -86.11654166666666,
            -22.4475
          ],
          [
            -82.061375,
            -20.75922222222222
          ]
        ]
      },
      "properties": {
        "constellation": "Lep"
      }
    },
    {
      "type": "Feature",
      "geometry": {
        "type": "LineString",
        "coordinates": [
          [
            -82.061375,
            -20.75922222222222
          ],
          [
            -76.36520833333333,
            -22.37086111111111
          ]
        ]
      },
      "properties": {
        "constellation": "Lep"
      }
    },
    {
      "type": "Feature",
      "geometry": {
        "type": "LineString",
        "coordinates": [
          [
            -83.18254166666665,
            -17.822305555555555
          ],
          [
            -82.061375,
            -20.75922222222222
          ]
        ]
      },
      "properties": {
        "constellation": "Lep"
      }
    },
    {
      "type": "Feature",
      "geometry": {
        "type": "LineString",
        "coordinates": [
          [
            -78.23279166666667,
            -16.205416666666665
          ],
          [
            -79.89387500000001,
            -13.176777777777778
          ]
        ]
      },
      "properties": {
        "constellation": "Lep"
      }
    },
    {
      "type": "Feature",
      "geometry": {
        "type": "LineString",
        "coordinates": [
          [
            -78.23279166666667,
            -16.205416666666665
          ],
          [
            -78.30787500000001,
            -12.941277777777778
          ]
        ]
      },
      "properties": {
        "constellation": "Lep"
      }
    },
    {
      "type": "Feature",
      "geometry": {
        "type": "LineString",
        "coordinates": [
          [
            -76.36520833333333,
            -22.37086111111111
          ],
          [
            -78.23279166666667,
            -16.205416666666665
          ]
        ]
      },
      "properties": {
        "constellation": "Lep"
      }
    },
    {
      "type": "Feature",
      "geometry": {
        "type": "LineString",
        "coordinates": [
          [
            -78.30787500000001,
            -12.941277777777778
          ],
          [
            -78.07454166666668,
            -11.86913888888889
          ]
        ]
      },
      "properties": {
        "constellation": "Lep"
      }
    },
    {
      "type": "Feature",
      "geometry": {
        "type": "LineString",
        "coordinates": [
          [
            -79.89387500000001,
            -13.176777777777778
          ],
          [
            -79.99595833333333,
            -12.315611111111112
          ]
        ]
      },
      "properties": {
        "constellation": "Lep"
      }
    },
    {
      "type": "Feature",
      "geometry": {
        "type": "LineString",
        "coordinates": [
          [
            121.54383333333334,
            -16.729611111111108
          ],
          [
            126.11858333333333,
            -14.789555555555555
          ]
        ]
      },
      "properties": {
        "constellation": "Lib"
      }
    },
    {
      "type": "Feature",
      "geometry": {
        "type": "LineString",
        "coordinates": [
          [
            126.11858333333333,
            -14.789555555555555
          ],
          [
            130.74804166666667,
            -9.382861111111112
          ]
        ]
      },
      "properties": {
        "constellation": "Lib"
      }
    },
    {
      "type": "Feature",
      "geometry": {
        "type": "LineString",
        "coordinates": [
          [
            130.74804166666667,
            -9.382861111111112
          ],
          [
            137.28008333333332,
            -16.041611111111113
          ]
        ]
      },
      "properties": {
        "constellation": "Lib"
      }
    },
    {
      "type": "Feature",
      "geometry": {
        "type": "LineString",
        "coordinates": [
          [
            137.28008333333332,
            -16.041611111111113
          ],
          [
            133.98225,
            -25.28186111111111
          ]
        ]
      },
      "properties": {
        "constellation": "Lib"
      }
    },
    {
      "type": "Feature",
      "geometry": {
        "type": "LineString",
        "coordinates": [
          [
            133.98225,
            -25.28186111111111
          ],
          [
            126.11858333333333,
            -14.789555555555555
          ]
        ]
      },
      "properties": {
        "constellation": "Lib"
      }
    },
    {
      "type": "Feature",
      "geometry": {
        "type": "LineString",
        "coordinates": [
          [
            -163.32766666666666,
            34.21555555555556
          ],
          [
            -156.97120833333332,
            36.70747222222222
          ]
        ]
      },
      "properties": {
        "constellation": "LMi"
      }
    },
    {
      "type": "Feature",
      "geometry": {
        "type": "LineString",
        "coordinates": [
          [
            -156.97120833333332,
            36.70747222222222
          ],
          [
            -151.85720833333335,
            35.24469444444445
          ]
        ]
      },
      "properties": {
        "constellation": "LMi"
      }
    },
    {
      "type": "Feature",
      "geometry": {
        "type": "LineString",
        "coordinates": [
          [
            -151.85720833333335,
            35.24469444444445
          ],
          [
            -143.55575000000002,
            36.39761111111111
          ]
        ]
      },
      "properties": {
        "constellation": "LMi"
      }
    },
    {
      "type": "Feature",
      "geometry": {
        "type": "LineString",
        "coordinates": [
          [
            -151.85720833333335,
            35.24469444444445
          ],
          [
            -163.32766666666666,
            34.21555555555556
          ]
        ]
      },
      "properties": {
        "constellation": "LMi"
      }
    },
    {
      "type": "Feature",
      "geometry": {
        "type": "LineString",
        "coordinates": [
          [
            122.26024999999998,
            -33.62711111111111
          ],
          [
            118.182625,
            -36.75552777777778
          ]
        ]
      },
      "properties": {
        "constellation": "Lup"
      }
    },
    {
      "type": "Feature",
      "geometry": {
        "type": "LineString",
        "coordinates": [
          [
            118.182625,
            -36.75552777777778
          ],
          [
            119.96941666666663,
            -38.39663888888889
          ]
        ]
      },
      "properties": {
        "constellation": "Lup"
      }
    },
    {
      "type": "Feature",
      "geometry": {
        "type": "LineString",
        "coordinates": [
          [
            119.96941666666663,
            -38.39663888888889
          ],
          [
            122.26024999999998,
            -33.62711111111111
          ]
        ]
      },
      "properties": {
        "constellation": "Lup"
      }
    },
    {
      "type": "Feature",
      "geometry": {
        "type": "LineString",
        "coordinates": [
          [
            119.96941666666663,
            -38.39663888888889
          ],
          [
            126.21474999999998,
            -41.166694444444445
          ]
        ]
      },
      "properties": {
        "constellation": "Lup"
      }
    },
    {
      "type": "Feature",
      "geometry": {
        "type": "LineString",
        "coordinates": [
          [
            126.21474999999998,
            -41.166694444444445
          ],
          [
            129.6569166666667,
            -40.64747222222222
          ]
        ]
      },
      "properties": {
        "constellation": "Lup"
      }
    },
    {
      "type": "Feature",
      "geometry": {
        "type": "LineString",
        "coordinates": [
          [
            129.6569166666667,
            -40.64747222222222
          ],
          [
            129.54816666666667,
            -36.26116666666667
          ]
        ]
      },
      "properties": {
        "constellation": "Lup"
      }
    },
    {
      "type": "Feature",
      "geometry": {
        "type": "LineString",
        "coordinates": [
          [
            129.6569166666667,
            -40.64747222222222
          ],
          [
            135.366875,
            -43.13386111111111
          ]
        ]
      },
      "properties": {
        "constellation": "Lup"
      }
    },
    {
      "type": "Feature",
      "geometry": {
        "type": "LineString",
        "coordinates": [
          [
            126.21474999999998,
            -41.166694444444445
          ],
          [
            125.48616666666669,
            -42.56747222222223
          ]
        ]
      },
      "properties": {
        "constellation": "Lup"
      }
    },
    {
      "type": "Feature",
      "geometry": {
        "type": "LineString",
        "coordinates": [
          [
            125.48616666666669,
            -42.56747222222223
          ],
          [
            131.92833333333334,
            -52.09908333333333
          ]
        ]
      },
      "properties": {
        "constellation": "Lup"
      }
    },
    {
      "type": "Feature",
      "geometry": {
        "type": "LineString",
        "coordinates": [
          [
            131.92833333333334,
            -52.09908333333333
          ],
          [
            139.517625,
            -47.38813888888889
          ]
        ]
      },
      "properties": {
        "constellation": "Lup"
      }
    },
    {
      "type": "Feature",
      "geometry": {
        "type": "LineString",
        "coordinates": [
          [
            131.92833333333334,
            -52.09908333333333
          ],
          [
            140.528125,
            -49.42575
          ]
        ]
      },
      "properties": {
        "constellation": "Lup"
      }
    },
    {
      "type": "Feature",
      "geometry": {
        "type": "LineString",
        "coordinates": [
          [
            139.517625,
            -47.38813888888889
          ],
          [
            143.45499999999998,
            -45.37925
          ]
        ]
      },
      "properties": {
        "constellation": "Lup"
      }
    },
    {
      "type": "Feature",
      "geometry": {
        "type": "LineString",
        "coordinates": [
          [
            139.517625,
            -47.38813888888889
          ],
          [
            135.366875,
            -43.13386111111111
          ]
        ]
      },
      "properties": {
        "constellation": "Lup"
      }
    },
    {
      "type": "Feature",
      "geometry": {
        "type": "LineString",
        "coordinates": [
          [
            -140.26441666666668,
            34.39252777777778
          ],
          [
            -139.711125,
            36.80288888888889
          ]
        ]
      },
      "properties": {
        "constellation": "Lyn"
      }
    },
    {
      "type": "Feature",
      "geometry": {
        "type": "LineString",
        "coordinates": [
          [
            -139.711125,
            36.80288888888889
          ],
          [
            -136.63245833333332,
            38.45225
          ]
        ]
      },
      "properties": {
        "constellation": "Lyn"
      }
    },
    {
      "type": "Feature",
      "geometry": {
        "type": "LineString",
        "coordinates": [
          [
            -136.63245833333332,
            38.45225
          ],
          [
            -135.16145833333331,
            41.78344444444444
          ]
        ]
      },
      "properties": {
        "constellation": "Lyn"
      }
    },
    {
      "type": "Feature",
      "geometry": {
        "type": "LineString",
        "coordinates": [
          [
            -135.16145833333331,
            41.78344444444444
          ],
          [
            -125.708875,
            43.18836111111111
          ]
        ]
      },
      "properties": {
        "constellation": "Lyn"
      }
    },
    {
      "type": "Feature",
      "geometry": {
        "type": "LineString",
        "coordinates": [
          [
            -125.708875,
            43.18836111111111
          ],
          [
            -111.67858333333334,
            49.21163888888889
          ]
        ]
      },
      "properties": {
        "constellation": "Lyn"
      }
    },
    {
      "type": "Feature",
      "geometry": {
        "type": "LineString",
        "coordinates": [
          [
            -111.67858333333334,
            49.21163888888889
          ],
          [
            -104.31916666666667,
            58.42305555555555
          ]
        ]
      },
      "properties": {
        "constellation": "Lyn"
      }
    },
    {
      "type": "Feature",
      "geometry": {
        "type": "LineString",
        "coordinates": [
          [
            -104.31916666666667,
            58.42305555555555
          ],
          [
            -94.90579166666666,
            59.01091666666667
          ]
        ]
      },
      "properties": {
        "constellation": "Lyn"
      }
    },
    {
      "type": "Feature",
      "geometry": {
        "type": "LineString",
        "coordinates": [
          [
            80.765875,
            38.783
          ],
          [
            78.80691666666667,
            37.60505555555556
          ]
        ]
      },
      "properties": {
        "constellation": "Lyr"
      }
    },
    {
      "type": "Feature",
      "geometry": {
        "type": "LineString",
        "coordinates": [
          [
            78.80691666666667,
            37.60505555555556
          ],
          [
            77.4800416666667,
            33.36266666666667
          ]
        ]
      },
      "properties": {
        "constellation": "Lyr"
      }
    },
    {
      "type": "Feature",
      "geometry": {
        "type": "LineString",
        "coordinates": [
          [
            77.4800416666667,
            33.36266666666667
          ],
          [
            75.26408333333336,
            32.68955555555555
          ]
        ]
      },
      "properties": {
        "constellation": "Lyr"
      }
    },
    {
      "type": "Feature",
      "geometry": {
        "type": "LineString",
        "coordinates": [
          [
            75.26408333333336,
            32.68955555555555
          ],
          [
            76.3737916666667,
            36.89861111111111
          ]
        ]
      },
      "properties": {
        "constellation": "Lyr"
      }
    },
    {
      "type": "Feature",
      "geometry": {
        "type": "LineString",
        "coordinates": [
          [
            76.3737916666667,
            36.89861111111111
          ],
          [
            78.80691666666667,
            37.60505555555556
          ]
        ]
      },
      "properties": {
        "constellation": "Lyr"
      }
    },
    {
      "type": "Feature",
      "geometry": {
        "type": "LineString",
        "coordinates": [
          [
            -82.96941666666667,
            -76.34166666666667
          ],
          [
            -70.76645833333333,
            -70.93111111111112
          ]
        ]
      },
      "properties": {
        "constellation": "Men"
      }
    },
    {
      "type": "Feature",
      "geometry": {
        "type": "LineString",
        "coordinates": [
          [
            40.515625,
            -32.17247222222222
          ],
          [
            44.677250000000015,
            -32.257777777777775
          ]
        ]
      },
      "properties": {
        "constellation": "Mic"
      }
    },
    {
      "type": "Feature",
      "geometry": {
        "type": "LineString",
        "coordinates": [
          [
            44.677250000000015,
            -32.257777777777775
          ],
          [
            47.50800000000004,
            -33.779666666666664
          ]
        ]
      },
      "properties": {
        "constellation": "Mic"
      }
    },
    {
      "type": "Feature",
      "geometry": {
        "type": "LineString",
        "coordinates": [
          [
            -93.71391666666666,
            -6.2747222222222225
          ],
          [
            -97.20445833333333,
            -7.033055555555555
          ]
        ]
      },
      "properties": {
        "constellation": "Mon"
      }
    },
    {
      "type": "Feature",
      "geometry": {
        "type": "LineString",
        "coordinates": [
          [
            -97.20445833333333,
            -7.033055555555555
          ],
          [
            -107.96608333333333,
            -0.49277777777777776
          ]
        ]
      },
      "properties": {
        "constellation": "Mon"
      }
    },
    {
      "type": "Feature",
      "geometry": {
        "type": "LineString",
        "coordinates": [
          [
            -107.96608333333333,
            -0.49277777777777776
          ],
          [
            -95.94208333333334,
            4.592833333333333
          ]
        ]
      },
      "properties": {
        "constellation": "Mon"
      }
    },
    {
      "type": "Feature",
      "geometry": {
        "type": "LineString",
        "coordinates": [
          [
            -95.94208333333334,
            4.592833333333333
          ],
          [
            -92.24125000000001,
            2.499722222222222
          ]
        ]
      },
      "properties": {
        "constellation": "Mon"
      }
    },
    {
      "type": "Feature",
      "geometry": {
        "type": "LineString",
        "coordinates": [
          [
            -107.96608333333333,
            -0.49277777777777776
          ],
          [
            -122.14858333333332,
            -2.9837777777777776
          ]
        ]
      },
      "properties": {
        "constellation": "Mon"
      }
    },
    {
      "type": "Feature",
      "geometry": {
        "type": "LineString",
        "coordinates": [
          [
            -122.14858333333332,
            -2.9837777777777776
          ],
          [
            -115.31200000000001,
            -9.551083333333334
          ]
        ]
      },
      "properties": {
        "constellation": "Mon"
      }
    },
    {
      "type": "Feature",
      "geometry": {
        "type": "LineString",
        "coordinates": [
          [
            168.42970833333334,
            -68.10808333333333
          ],
          [
            183.597625,
            -66.72883333333334
          ]
        ]
      },
      "properties": {
        "constellation": "Mus"
      }
    },
    {
      "type": "Feature",
      "geometry": {
        "type": "LineString",
        "coordinates": [
          [
            183.597625,
            -66.72883333333334
          ],
          [
            171.882875,
            -72.13297222222222
          ]
        ]
      },
      "properties": {
        "constellation": "Mus"
      }
    },
    {
      "type": "Feature",
      "geometry": {
        "type": "LineString",
        "coordinates": [
          [
            171.882875,
            -72.13297222222222
          ],
          [
            170.70383333333334,
            -69.13552777777778
          ]
        ]
      },
      "properties": {
        "constellation": "Mus"
      }
    },
    {
      "type": "Feature",
      "geometry": {
        "type": "LineString",
        "coordinates": [
          [
            170.70383333333334,
            -69.13552777777778
          ],
          [
            168.42970833333334,
            -68.10808333333333
          ]
        ]
      },
      "properties": {
        "constellation": "Mus"
      }
    },
    {
      "type": "Feature",
      "geometry": {
        "type": "LineString",
        "coordinates": [
          [
            116.6302916666667,
            -54.63041666666667
          ],
          [
            115.03929166666668,
            -50.155388888888886
          ]
        ]
      },
      "properties": {
        "constellation": "Nor"
      }
    },
    {
      "type": "Feature",
      "geometry": {
        "type": "LineString",
        "coordinates": [
          [
            115.03929166666668,
            -50.155388888888886
          ],
          [
            113.20395833333333,
            -47.55472222222222
          ]
        ]
      },
      "properties": {
        "constellation": "Nor"
      }
    },
    {
      "type": "Feature",
      "geometry": {
        "type": "LineString",
        "coordinates": [
          [
            113.20395833333333,
            -47.55472222222222
          ],
          [
            119.19641666666666,
            -49.22972222222222
          ]
        ]
      },
      "properties": {
        "constellation": "Nor"
      }
    },
    {
      "type": "Feature",
      "geometry": {
        "type": "LineString",
        "coordinates": [
          [
            119.19641666666666,
            -49.22972222222222
          ],
          [
            115.03929166666668,
            -50.155388888888886
          ]
        ]
      },
      "properties": {
        "constellation": "Nor"
      }
    },
    {
      "type": "Feature",
      "geometry": {
        "type": "LineString",
        "coordinates": [
          [
            119.19641666666666,
            -49.22972222222222
          ],
          [
            116.6302916666667,
            -54.63041666666667
          ]
        ]
      },
      "properties": {
        "constellation": "Nor"
      }
    },
    {
      "type": "Feature",
      "geometry": {
        "type": "LineString",
        "coordinates": [
          [
            34.63137499999999,
            -77.38947222222222
          ],
          [
            18.484500000000025,
            -81.3816111111111
          ]
        ]
      },
      "properties": {
        "constellation": "Oct"
      }
    },
    {
      "type": "Feature",
      "geometry": {
        "type": "LineString",
        "coordinates": [
          [
            18.484500000000025,
            -81.3816111111111
          ],
          [
            143.26774999999998,
            -83.66786111111112
          ]
        ]
      },
      "properties": {
        "constellation": "Oct"
      }
    },
    {
      "type": "Feature",
      "geometry": {
        "type": "LineString",
        "coordinates": [
          [
            143.26774999999998,
            -83.66786111111112
          ],
          [
            34.63137499999999,
            -77.38947222222222
          ]
        ]
      },
      "properties": {
        "constellation": "Oct"
      }
    },
    {
      "type": "Feature",
      "geometry": {
        "type": "LineString",
        "coordinates": [
          [
            96.26666666666671,
            12.560583333333334
          ],
          [
            94.13175000000007,
            4.566916666666667
          ]
        ]
      },
      "properties": {
        "constellation": "Oph"
      }
    },
    {
      "type": "Feature",
      "geometry": {
        "type": "LineString",
        "coordinates": [
          [
            102.40558333333331,
            -15.725138888888889
          ],
          [
            94.13175000000007,
            4.566916666666667
          ]
        ]
      },
      "properties": {
        "constellation": "Oph"
      }
    },
    {
      "type": "Feature",
      "geometry": {
        "type": "LineString",
        "coordinates": [
          [
            96.26666666666671,
            12.560583333333334
          ],
          [
            105.58220833333334,
            9.375055555555557
          ]
        ]
      },
      "properties": {
        "constellation": "Oph"
      }
    },
    {
      "type": "Feature",
      "geometry": {
        "type": "LineString",
        "coordinates": [
          [
            105.58220833333334,
            9.375055555555557
          ],
          [
            115.41983333333334,
            -4.692611111111112
          ]
        ]
      },
      "properties": {
        "constellation": "Oph"
      }
    },
    {
      "type": "Feature",
      "geometry": {
        "type": "LineString",
        "coordinates": [
          [
            115.41983333333334,
            -4.692611111111112
          ],
          [
            110.71029166666665,
            -10.56713888888889
          ]
        ]
      },
      "properties": {
        "constellation": "Oph"
      }
    },
    {
      "type": "Feature",
      "geometry": {
        "type": "LineString",
        "coordinates": [
          [
            110.71029166666665,
            -10.56713888888889
          ],
          [
            102.40558333333331,
            -15.725138888888889
          ]
        ]
      },
      "properties": {
        "constellation": "Oph"
      }
    },
    {
      "type": "Feature",
      "geometry": {
        "type": "LineString",
        "coordinates": [
          [
            102.40558333333331,
            -15.725138888888889
          ],
          [
            97.14604166666669,
            -23.96258333333333
          ]
        ]
      },
      "properties": {
        "constellation": "Oph"
      }
    },
    {
      "type": "Feature",
      "geometry": {
        "type": "LineString",
        "coordinates": [
          [
            -85.18966666666668,
            -1.9425833333333333
          ],
          [
            -84.05337499999999,
            -1.2019166666666665
          ]
        ]
      },
      "properties": {
        "constellation": "Ori"
      }
    },
    {
      "type": "Feature",
      "geometry": {
        "type": "LineString",
        "coordinates": [
          [
            -84.05337499999999,
            -1.2019166666666665
          ],
          [
            -83.00166666666667,
            -0.2990833333333333
          ]
        ]
      },
      "properties": {
        "constellation": "Ori"
      }
    },
    {
      "type": "Feature",
      "geometry": {
        "type": "LineString",
        "coordinates": [
          [
            -90.864,
            19.69061111111111
          ],
          [
            -92.985,
            14.208805555555555
          ]
        ]
      },
      "properties": {
        "constellation": "Ori"
      }
    },
    {
      "type": "Feature",
      "geometry": {
        "type": "LineString",
        "coordinates": [
          [
            -92.985,
            14.208805555555555
          ],
          [
            -91.893,
            14.768527777777779
          ]
        ]
      },
      "properties": {
        "constellation": "Ori"
      }
    },
    {
      "type": "Feature",
      "geometry": {
        "type": "LineString",
        "coordinates": [
          [
            -91.893,
            14.768527777777779
          ],
          [
            -88.59616666666668,
            20.276416666666666
          ]
        ]
      },
      "properties": {
        "constellation": "Ori"
      }
    },
    {
      "type": "Feature",
      "geometry": {
        "type": "LineString",
        "coordinates": [
          [
            -92.985,
            14.208805555555555
          ],
          [
            -90.59579166666667,
            9.647361111111111
          ]
        ]
      },
      "properties": {
        "constellation": "Ori"
      }
    },
    {
      "type": "Feature",
      "geometry": {
        "type": "LineString",
        "coordinates": [
          [
            -90.59579166666667,
            9.647361111111111
          ],
          [
            -88.79287500000001,
            7.407027777777778
          ]
        ]
      },
      "properties": {
        "constellation": "Ori"
      }
    },
    {
      "type": "Feature",
      "geometry": {
        "type": "LineString",
        "coordinates": [
          [
            -88.79287500000001,
            7.407027777777778
          ],
          [
            -85.18966666666668,
            -1.9425833333333333
          ]
        ]
      },
      "properties": {
        "constellation": "Ori"
      }
    },
    {
      "type": "Feature",
      "geometry": {
        "type": "LineString",
        "coordinates": [
          [
            -85.18966666666668,
            -1.9425833333333333
          ],
          [
            -86.939125,
            -9.669611111111111
          ]
        ]
      },
      "properties": {
        "constellation": "Ori"
      }
    },
    {
      "type": "Feature",
      "geometry": {
        "type": "LineString",
        "coordinates": [
          [
            -86.939125,
            -9.669611111111111
          ],
          [
            -78.63445833333334,
            -8.201638888888889
          ]
        ]
      },
      "properties": {
        "constellation": "Ori"
      }
    },
    {
      "type": "Feature",
      "geometry": {
        "type": "LineString",
        "coordinates": [
          [
            -78.63445833333334,
            -8.201638888888889
          ],
          [
            -83.00166666666667,
            -0.2990833333333333
          ]
        ]
      },
      "properties": {
        "constellation": "Ori"
      }
    },
    {
      "type": "Feature",
      "geometry": {
        "type": "LineString",
        "coordinates": [
          [
            -83.00166666666667,
            -0.2990833333333333
          ],
          [
            -81.28279166666668,
            6.349722222222222
          ]
        ]
      },
      "properties": {
        "constellation": "Ori"
      }
    },
    {
      "type": "Feature",
      "geometry": {
        "type": "LineString",
        "coordinates": [
          [
            -81.28279166666668,
            6.349722222222222
          ],
          [
            -83.7845,
            9.934166666666666
          ]
        ]
      },
      "properties": {
        "constellation": "Ori"
      }
    },
    {
      "type": "Feature",
      "geometry": {
        "type": "LineString",
        "coordinates": [
          [
            -83.7845,
            9.934166666666666
          ],
          [
            -88.79287500000001,
            7.407027777777778
          ]
        ]
      },
      "properties": {
        "constellation": "Ori"
      }
    },
    {
      "type": "Feature",
      "geometry": {
        "type": "LineString",
        "coordinates": [
          [
            -81.28279166666668,
            6.349722222222222
          ],
          [
            -72.45891666666667,
            6.961250000000001
          ]
        ]
      },
      "properties": {
        "constellation": "Ori"
      }
    },
    {
      "type": "Feature",
      "geometry": {
        "type": "LineString",
        "coordinates": [
          [
            -72.45891666666667,
            6.961250000000001
          ],
          [
            -72.80154166666667,
            5.6051111111111105
          ]
        ]
      },
      "properties": {
        "constellation": "Ori"
      }
    },
    {
      "type": "Feature",
      "geometry": {
        "type": "LineString",
        "coordinates": [
          [
            -72.80154166666667,
            5.6051111111111105
          ],
          [
            -73.34483333333333,
            2.508277777777778
          ]
        ]
      },
      "properties": {
        "constellation": "Ori"
      }
    },
    {
      "type": "Feature",
      "geometry": {
        "type": "LineString",
        "coordinates": [
          [
            -73.34483333333333,
            2.508277777777778
          ],
          [
            -74.63708333333334,
            1.7140277777777777
          ]
        ]
      },
      "properties": {
        "constellation": "Ori"
      }
    },
    {
      "type": "Feature",
      "geometry": {
        "type": "LineString",
        "coordinates": [
          [
            -72.45891666666667,
            6.961250000000001
          ],
          [
            -72.65299999999999,
            8.90025
          ]
        ]
      },
      "properties": {
        "constellation": "Ori"
      }
    },
    {
      "type": "Feature",
      "geometry": {
        "type": "LineString",
        "coordinates": [
          [
            -72.65299999999999,
            8.90025
          ],
          [
            -73.72375,
            10.15113888888889
          ]
        ]
      },
      "properties": {
        "constellation": "Ori"
      }
    },
    {
      "type": "Feature",
      "geometry": {
        "type": "LineString",
        "coordinates": [
          [
            -91.893,
            14.768527777777779
          ],
          [
            -90.59579166666667,
            9.647361111111111
          ]
        ]
      },
      "properties": {
        "constellation": "Ori"
      }
    },
    {
      "type": "Feature",
      "geometry": {
        "type": "LineString",
        "coordinates": [
          [
            53.58812499999999,
            -56.73488888888889
          ],
          [
            38.389625000000024,
            -65.36813888888888
          ]
        ]
      },
      "properties": {
        "constellation": "Pav"
      }
    },
    {
      "type": "Feature",
      "geometry": {
        "type": "LineString",
        "coordinates": [
          [
            38.389625000000024,
            -65.36813888888888
          ],
          [
            48.76016666666669,
            -66.20325
          ]
        ]
      },
      "properties": {
        "constellation": "Pav"
      }
    },
    {
      "type": "Feature",
      "geometry": {
        "type": "LineString",
        "coordinates": [
          [
            48.76016666666669,
            -66.20325
          ],
          [
            57.82558333333333,
            -66.17933333333333
          ]
        ]
      },
      "properties": {
        "constellation": "Pav"
      }
    },
    {
      "type": "Feature",
      "geometry": {
        "type": "LineString",
        "coordinates": [
          [
            57.82558333333333,
            -66.17933333333333
          ],
          [
            53.58812499999999,
            -56.73488888888889
          ]
        ]
      },
      "properties": {
        "constellation": "Pav"
      }
    },
    {
      "type": "Feature",
      "geometry": {
        "type": "LineString",
        "coordinates": [
          [
            57.82558333333333,
            -66.17933333333333
          ],
          [
            59.85254166666664,
            -72.91019444444446
          ]
        ]
      },
      "properties": {
        "constellation": "Pav"
      }
    },
    {
      "type": "Feature",
      "geometry": {
        "type": "LineString",
        "coordinates": [
          [
            59.85254166666664,
            -72.91019444444446
          ],
          [
            79.24112500000007,
            -71.42772222222223
          ]
        ]
      },
      "properties": {
        "constellation": "Pav"
      }
    },
    {
      "type": "Feature",
      "geometry": {
        "type": "LineString",
        "coordinates": [
          [
            79.24112500000007,
            -71.42772222222223
          ],
          [
            75.76233333333334,
            -67.23352777777778
          ]
        ]
      },
      "properties": {
        "constellation": "Pav"
      }
    },
    {
      "type": "Feature",
      "geometry": {
        "type": "LineString",
        "coordinates": [
          [
            75.76233333333334,
            -67.23352777777778
          ],
          [
            57.82558333333333,
            -66.17933333333333
          ]
        ]
      },
      "properties": {
        "constellation": "Pav"
      }
    },
    {
      "type": "Feature",
      "geometry": {
        "type": "LineString",
        "coordinates": [
          [
            75.76233333333334,
            -67.23352777777778
          ],
          [
            76.94566666666663,
            -62.187555555555555
          ]
        ]
      },
      "properties": {
        "constellation": "Pav"
      }
    },
    {
      "type": "Feature",
      "geometry": {
        "type": "LineString",
        "coordinates": [
          [
            76.94566666666663,
            -62.187555555555555
          ],
          [
            84.19324999999998,
            -61.49391666666667
          ]
        ]
      },
      "properties": {
        "constellation": "Pav"
      }
    },
    {
      "type": "Feature",
      "geometry": {
        "type": "LineString",
        "coordinates": [
          [
            84.19324999999998,
            -61.49391666666667
          ],
          [
            87.8550416666667,
            -63.668055555555554
          ]
        ]
      },
      "properties": {
        "constellation": "Pav"
      }
    },
    {
      "type": "Feature",
      "geometry": {
        "type": "LineString",
        "coordinates": [
          [
            87.8550416666667,
            -63.668055555555554
          ],
          [
            76.94566666666663,
            -62.187555555555555
          ]
        ]
      },
      "properties": {
        "constellation": "Pav"
      }
    },
    {
      "type": "Feature",
      "geometry": {
        "type": "LineString",
        "coordinates": [
          [
            87.8550416666667,
            -63.668055555555554
          ],
          [
            93.56666666666672,
            -64.72372222222222
          ]
        ]
      },
      "properties": {
        "constellation": "Pav"
      }
    },
    {
      "type": "Feature",
      "geometry": {
        "type": "LineString",
        "coordinates": [
          [
            -3.3089583333333334,
            15.18361111111111
          ],
          [
            13.809916666666709,
            15.20536111111111
          ]
        ]
      },
      "properties": {
        "constellation": "Peg"
      }
    },
    {
      "type": "Feature",
      "geometry": {
        "type": "LineString",
        "coordinates": [
          [
            14.056958333333341,
            28.082444444444445
          ],
          [
            19.249458333333337,
            30.221305555555553
          ]
        ]
      },
      "properties": {
        "constellation": "Peg"
      }
    },
    {
      "type": "Feature",
      "geometry": {
        "type": "LineString",
        "coordinates": [
          [
            19.249458333333337,
            30.221305555555553
          ],
          [
            27.69300000000004,
            33.1725
          ]
        ]
      },
      "properties": {
        "constellation": "Peg"
      }
    },
    {
      "type": "Feature",
      "geometry": {
        "type": "LineString",
        "coordinates": [
          [
            14.056958333333341,
            28.082444444444445
          ],
          [
            17.499583333333362,
            24.601694444444448
          ]
        ]
      },
      "properties": {
        "constellation": "Peg"
      }
    },
    {
      "type": "Feature",
      "geometry": {
        "type": "LineString",
        "coordinates": [
          [
            17.499583333333362,
            24.601694444444448
          ],
          [
            18.367333333333306,
            23.56566666666667
          ]
        ]
      },
      "properties": {
        "constellation": "Peg"
      }
    },
    {
      "type": "Feature",
      "geometry": {
        "type": "LineString",
        "coordinates": [
          [
            18.367333333333306,
            23.56566666666667
          ],
          [
            28.248041666666666,
            25.345055555555554
          ]
        ]
      },
      "properties": {
        "constellation": "Peg"
      }
    },
    {
      "type": "Feature",
      "geometry": {
        "type": "LineString",
        "coordinates": [
          [
            28.248041666666666,
            25.345055555555554
          ],
          [
            33.83874999999995,
            25.645
          ]
        ]
      },
      "properties": {
        "constellation": "Peg"
      }
    },
    {
      "type": "Feature",
      "geometry": {
        "type": "LineString",
        "coordinates": [
          [
            13.809916666666709,
            15.20536111111111
          ],
          [
            18.327333333333343,
            12.174083333333332
          ]
        ]
      },
      "properties": {
        "constellation": "Peg"
      }
    },
    {
      "type": "Feature",
      "geometry": {
        "type": "LineString",
        "coordinates": [
          [
            18.327333333333343,
            12.174083333333332
          ],
          [
            19.63470833333332,
            10.831388888888888
          ]
        ]
      },
      "properties": {
        "constellation": "Peg"
      }
    },
    {
      "type": "Feature",
      "geometry": {
        "type": "LineString",
        "coordinates": [
          [
            19.63470833333332,
            10.831388888888888
          ],
          [
            27.45074999999997,
            6.197777777777778
          ]
        ]
      },
      "properties": {
        "constellation": "Peg"
      }
    },
    {
      "type": "Feature",
      "geometry": {
        "type": "LineString",
        "coordinates": [
          [
            27.45074999999997,
            6.197777777777778
          ],
          [
            33.95358333333331,
            9.875
          ]
        ]
      },
      "properties": {
        "constellation": "Peg"
      }
    },
    {
      "type": "Feature",
      "geometry": {
        "type": "LineString",
        "coordinates": [
          [
            -2.0965416666666665,
            29.090833333333332
          ],
          [
            14.056958333333341,
            28.082444444444445
          ]
        ]
      },
      "properties": {
        "constellation": "Peg"
      }
    },
    {
      "type": "Feature",
      "geometry": {
        "type": "LineString",
        "coordinates": [
          [
            -2.0965416666666665,
            29.090833333333332
          ],
          [
            -3.3089583333333334,
            15.18361111111111
          ]
        ]
      },
      "properties": {
        "constellation": "Peg"
      }
    },
    {
      "type": "Feature",
      "geometry": {
        "type": "LineString",
        "coordinates": [
          [
            14.056958333333341,
            28.082444444444445
          ],
          [
            13.809916666666709,
            15.20536111111111
          ]
        ]
      },
      "properties": {
        "constellation": "Peg"
      }
    },
    {
      "type": "Feature",
      "geometry": {
        "type": "LineString",
        "coordinates": [
          [
            -56.079708333333336,
            32.28827777777778
          ],
          [
            -58.533,
            31.883666666666667
          ]
        ]
      },
      "properties": {
        "constellation": "Per"
      }
    },
    {
      "type": "Feature",
      "geometry": {
        "type": "LineString",
        "coordinates": [
          [
            -58.533,
            31.883666666666667
          ],
          [
            -59.74125,
            35.79102777777778
          ]
        ]
      },
      "properties": {
        "constellation": "Per"
      }
    },
    {
      "type": "Feature",
      "geometry": {
        "type": "LineString",
        "coordinates": [
          [
            -59.74125,
            35.79102777777778
          ],
          [
            -59.46341666666667,
            40.01027777777778
          ]
        ]
      },
      "properties": {
        "constellation": "Per"
      }
    },
    {
      "type": "Feature",
      "geometry": {
        "type": "LineString",
        "coordinates": [
          [
            -59.46341666666667,
            40.01027777777778
          ],
          [
            -55.731166666666674,
            47.78766666666667
          ]
        ]
      },
      "properties": {
        "constellation": "Per"
      }
    },
    {
      "type": "Feature",
      "geometry": {
        "type": "LineString",
        "coordinates": [
          [
            -55.731166666666674,
            47.78766666666667
          ],
          [
            -51.080625,
            49.86125
          ]
        ]
      },
      "properties": {
        "constellation": "Per"
      }
    },
    {
      "type": "Feature",
      "geometry": {
        "type": "LineString",
        "coordinates": [
          [
            -51.080625,
            49.86125
          ],
          [
            -46.199125,
            53.50644444444445
          ]
        ]
      },
      "properties": {
        "constellation": "Per"
      }
    },
    {
      "type": "Feature",
      "geometry": {
        "type": "LineString",
        "coordinates": [
          [
            -46.199125,
            53.50644444444445
          ],
          [
            -42.674125000000004,
            55.89552777777778
          ]
        ]
      },
      "properties": {
        "constellation": "Per"
      }
    },
    {
      "type": "Feature",
      "geometry": {
        "type": "LineString",
        "coordinates": [
          [
            -51.080625,
            49.86125
          ],
          [
            -47.042208333333335,
            40.95563888888889
          ]
        ]
      },
      "properties": {
        "constellation": "Per"
      }
    },
    {
      "type": "Feature",
      "geometry": {
        "type": "LineString",
        "coordinates": [
          [
            -47.042208333333335,
            40.95563888888889
          ],
          [
            -46.29375,
            38.84052777777778
          ]
        ]
      },
      "properties": {
        "constellation": "Per"
      }
    },
    {
      "type": "Feature",
      "geometry": {
        "type": "LineString",
        "coordinates": [
          [
            -46.29375,
            38.84052777777778
          ],
          [
            -42.64545833333333,
            38.31891666666667
          ]
        ]
      },
      "properties": {
        "constellation": "Per"
      }
    },
    {
      "type": "Feature",
      "geometry": {
        "type": "LineString",
        "coordinates": [
          [
            -17.096083333333333,
            -55.24583333333334
          ],
          [
            -16.521291666666666,
            -46.7185
          ]
        ]
      },
      "properties": {
        "constellation": "Phe"
      }
    },
    {
      "type": "Feature",
      "geometry": {
        "type": "LineString",
        "coordinates": [
          [
            -16.521291666666666,
            -46.7185
          ],
          [
            -6.5505,
            -43.679916666666664
          ]
        ]
      },
      "properties": {
        "constellation": "Phe"
      }
    },
    {
      "type": "Feature",
      "geometry": {
        "type": "LineString",
        "coordinates": [
          [
            -6.5505,
            -43.679916666666664
          ],
          [
            -17.096083333333333,
            -55.24583333333334
          ]
        ]
      },
      "properties": {
        "constellation": "Phe"
      }
    },
    {
      "type": "Feature",
      "geometry": {
        "type": "LineString",
        "coordinates": [
          [
            -16.521291666666666,
            -46.7185
          ],
          [
            -22.812416666666664,
            -49.07308333333334
          ]
        ]
      },
      "properties": {
        "constellation": "Phe"
      }
    },
    {
      "type": "Feature",
      "geometry": {
        "type": "LineString",
        "coordinates": [
          [
            -22.812416666666664,
            -49.07308333333334
          ],
          [
            -28.41175,
            -46.30244444444444
          ]
        ]
      },
      "properties": {
        "constellation": "Phe"
      }
    },
    {
      "type": "Feature",
      "geometry": {
        "type": "LineString",
        "coordinates": [
          [
            -28.41175,
            -46.30244444444444
          ],
          [
            -16.521291666666666,
            -46.7185
          ]
        ]
      },
      "properties": {
        "constellation": "Phe"
      }
    },
    {
      "type": "Feature",
      "geometry": {
        "type": "LineString",
        "coordinates": [
          [
            -16.521291666666666,
            -46.7185
          ],
          [
            -22.091416666666667,
            -43.31772222222222
          ]
        ]
      },
      "properties": {
        "constellation": "Phe"
      }
    },
    {
      "type": "Feature",
      "geometry": {
        "type": "LineString",
        "coordinates": [
          [
            -22.091416666666667,
            -43.31772222222222
          ],
          [
            -6.5505,
            -43.679916666666664
          ]
        ]
      },
      "properties": {
        "constellation": "Phe"
      }
    },
    {
      "type": "Feature",
      "geometry": {
        "type": "LineString",
        "coordinates": [
          [
            -6.5505,
            -43.679916666666664
          ],
          [
            -6.570291666666667,
            -42.30511111111111
          ]
        ]
      },
      "properties": {
        "constellation": "Phe"
      }
    },
    {
      "type": "Feature",
      "geometry": {
        "type": "LineString",
        "coordinates": [
          [
            -6.570291666666667,
            -42.30511111111111
          ],
          [
            -2.3522499999999997,
            -45.747
          ]
        ]
      },
      "properties": {
        "constellation": "Phe"
      }
    },
    {
      "type": "Feature",
      "geometry": {
        "type": "LineString",
        "coordinates": [
          [
            -2.3522499999999997,
            -45.747
          ],
          [
            -6.5505,
            -43.679916666666664
          ]
        ]
      },
      "properties": {
        "constellation": "Phe"
      }
    },
    {
      "type": "Feature",
      "geometry": {
        "type": "LineString",
        "coordinates": [
          [
            -102.04808333333334,
            -61.94197222222222
          ],
          [
            -87.45658333333333,
            -56.1665
          ]
        ]
      },
      "properties": {
        "constellation": "Pic"
      }
    },
    {
      "type": "Feature",
      "geometry": {
        "type": "LineString",
        "coordinates": [
          [
            -87.45658333333333,
            -56.1665
          ],
          [
            -86.82116666666667,
            -51.066722222222225
          ]
        ]
      },
      "properties": {
        "constellation": "Pic"
      }
    },
    {
      "type": "Feature",
      "geometry": {
        "type": "LineString",
        "coordinates": [
          [
            15.588208333333341,
            -29.621833333333335
          ],
          [
            19.83612499999998,
            -27.04361111111111
          ]
        ]
      },
      "properties": {
        "constellation": "PsA"
      }
    },
    {
      "type": "Feature",
      "geometry": {
        "type": "LineString",
        "coordinates": [
          [
            19.83612499999998,
            -27.04361111111111
          ],
          [
            29.790750000000003,
            -28.45375
          ]
        ]
      },
      "properties": {
        "constellation": "PsA"
      }
    },
    {
      "type": "Feature",
      "geometry": {
        "type": "LineString",
        "coordinates": [
          [
            29.790750000000003,
            -28.45375
          ],
          [
            33.0659583333333,
            -30.898305555555556
          ]
        ]
      },
      "properties": {
        "constellation": "PsA"
      }
    },
    {
      "type": "Feature",
      "geometry": {
        "type": "LineString",
        "coordinates": [
          [
            33.0659583333333,
            -30.898305555555556
          ],
          [
            27.46466666666663,
            -32.54844444444444
          ]
        ]
      },
      "properties": {
        "constellation": "PsA"
      }
    },
    {
      "type": "Feature",
      "geometry": {
        "type": "LineString",
        "coordinates": [
          [
            27.46466666666663,
            -32.54844444444444
          ],
          [
            22.123791666666705,
            -32.34602777777778
          ]
        ]
      },
      "properties": {
        "constellation": "PsA"
      }
    },
    {
      "type": "Feature",
      "geometry": {
        "type": "LineString",
        "coordinates": [
          [
            22.123791666666705,
            -32.34602777777778
          ],
          [
            16.0129583333333,
            -32.53969444444444
          ]
        ]
      },
      "properties": {
        "constellation": "PsA"
      }
    },
    {
      "type": "Feature",
      "geometry": {
        "type": "LineString",
        "coordinates": [
          [
            -15.70454166666667,
            31.804333333333336
          ],
          [
            -18.437250000000002,
            24.583777777777776
          ]
        ]
      },
      "properties": {
        "constellation": "Psc"
      }
    },
    {
      "type": "Feature",
      "geometry": {
        "type": "LineString",
        "coordinates": [
          [
            -15.70454166666667,
            31.804333333333336
          ],
          [
            -19.866583333333335,
            27.264083333333332
          ]
        ]
      },
      "properties": {
        "constellation": "Psc"
      }
    },
    {
      "type": "Feature",
      "geometry": {
        "type": "LineString",
        "coordinates": [
          [
            -19.866583333333335,
            27.264083333333332
          ],
          [
            -18.437250000000002,
            24.583777777777776
          ]
        ]
      },
      "properties": {
        "constellation": "Psc"
      }
    },
    {
      "type": "Feature",
      "geometry": {
        "type": "LineString",
        "coordinates": [
          [
            -18.437250000000002,
            24.583777777777776
          ],
          [
            -22.870791666666666,
            15.345833333333333
          ]
        ]
      },
      "properties": {
        "constellation": "Psc"
      }
    },
    {
      "type": "Feature",
      "geometry": {
        "type": "LineString",
        "coordinates": [
          [
            -22.870791666666666,
            15.345833333333333
          ],
          [
            -26.348291666666668,
            9.15763888888889
          ]
        ]
      },
      "properties": {
        "constellation": "Psc"
      }
    },
    {
      "type": "Feature",
      "geometry": {
        "type": "LineString",
        "coordinates": [
          [
            -26.348291666666668,
            9.15763888888889
          ],
          [
            -30.511666666666667,
            2.76375
          ]
        ]
      },
      "properties": {
        "constellation": "Psc"
      }
    },
    {
      "type": "Feature",
      "geometry": {
        "type": "LineString",
        "coordinates": [
          [
            -30.511666666666667,
            2.76375
          ],
          [
            -28.388916666666667,
            3.187472222222222
          ]
        ]
      },
      "properties": {
        "constellation": "Psc"
      }
    },
    {
      "type": "Feature",
      "geometry": {
        "type": "LineString",
        "coordinates": [
          [
            -28.388916666666667,
            3.187472222222222
          ],
          [
            -25.357958333333336,
            5.487611111111111
          ]
        ]
      },
      "properties": {
        "constellation": "Psc"
      }
    },
    {
      "type": "Feature",
      "geometry": {
        "type": "LineString",
        "coordinates": [
          [
            -25.357958333333336,
            5.487611111111111
          ],
          [
            -22.545583333333333,
            6.143944444444445
          ]
        ]
      },
      "properties": {
        "constellation": "Psc"
      }
    },
    {
      "type": "Feature",
      "geometry": {
        "type": "LineString",
        "coordinates": [
          [
            -22.545583333333333,
            6.143944444444445
          ],
          [
            -15.736083333333337,
            7.890083333333333
          ]
        ]
      },
      "properties": {
        "constellation": "Psc"
      }
    },
    {
      "type": "Feature",
      "geometry": {
        "type": "LineString",
        "coordinates": [
          [
            -15.736083333333337,
            7.890083333333333
          ],
          [
            -12.07225,
            7.299916666666666
          ]
        ]
      },
      "properties": {
        "constellation": "Psc"
      }
    },
    {
      "type": "Feature",
      "geometry": {
        "type": "LineString",
        "coordinates": [
          [
            -12.07225,
            7.299916666666666
          ],
          [
            -5.149416666666666,
            8.19025
          ]
        ]
      },
      "properties": {
        "constellation": "Psc"
      }
    },
    {
      "type": "Feature",
      "geometry": {
        "type": "LineString",
        "coordinates": [
          [
            -5.149416666666666,
            8.19025
          ],
          [
            0.1724999999999568,
            6.863583333333333
          ]
        ]
      },
      "properties": {
        "constellation": "Psc"
      }
    },
    {
      "type": "Feature",
      "geometry": {
        "type": "LineString",
        "coordinates": [
          [
            0.1724999999999568,
            6.863583333333333
          ],
          [
            5.013249999999971,
            5.627361111111112
          ]
        ]
      },
      "properties": {
        "constellation": "Psc"
      }
    },
    {
      "type": "Feature",
      "geometry": {
        "type": "LineString",
        "coordinates": [
          [
            5.013249999999971,
            5.627361111111112
          ],
          [
            4.4879999999999995,
            1.7804166666666665
          ]
        ]
      },
      "properties": {
        "constellation": "Psc"
      }
    },
    {
      "type": "Feature",
      "geometry": {
        "type": "LineString",
        "coordinates": [
          [
            4.4879999999999995,
            1.7804166666666665
          ],
          [
            8.267041666666614,
            1.2558333333333334
          ]
        ]
      },
      "properties": {
        "constellation": "Psc"
      }
    },
    {
      "type": "Feature",
      "geometry": {
        "type": "LineString",
        "coordinates": [
          [
            8.267041666666614,
            1.2558333333333334
          ],
          [
            10.710458333333293,
            3.28225
          ]
        ]
      },
      "properties": {
        "constellation": "Psc"
      }
    },
    {
      "type": "Feature",
      "geometry": {
        "type": "LineString",
        "coordinates": [
          [
            10.710458333333293,
            3.28225
          ],
          [
            8.007625000000019,
            6.3791111111111105
          ]
        ]
      },
      "properties": {
        "constellation": "Psc"
      }
    },
    {
      "type": "Feature",
      "geometry": {
        "type": "LineString",
        "coordinates": [
          [
            8.007625000000019,
            6.3791111111111105
          ],
          [
            5.013249999999971,
            5.627361111111112
          ]
        ]
      },
      "properties": {
        "constellation": "Psc"
      }
    },
    {
      "type": "Feature",
      "geometry": {
        "type": "LineString",
        "coordinates": [
          [
            -121.88625,
            -24.304444444444446
          ],
          [
            -117.25708333333333,
            -24.91225
          ]
        ]
      },
      "properties": {
        "constellation": "Pup"
      }
    },
    {
      "type": "Feature",
      "geometry": {
        "type": "LineString",
        "coordinates": [
          [
            -117.25708333333333,
            -24.91225
          ],
          [
            -109.28566666666666,
            -37.097500000000004
          ]
        ]
      },
      "properties": {
        "constellation": "Pup"
      }
    },
    {
      "type": "Feature",
      "geometry": {
        "type": "LineString",
        "coordinates": [
          [
            -109.28566666666666,
            -37.097500000000004
          ],
          [
            -99.44029166666667,
            -43.19591666666666
          ]
        ]
      },
      "properties": {
        "constellation": "Pup"
      }
    },
    {
      "type": "Feature",
      "geometry": {
        "type": "LineString",
        "coordinates": [
          [
            -99.44029166666667,
            -43.19591666666666
          ],
          [
            -102.48391666666666,
            -50.61438888888889
          ]
        ]
      },
      "properties": {
        "constellation": "Pup"
      }
    },
    {
      "type": "Feature",
      "geometry": {
        "type": "LineString",
        "coordinates": [
          [
            -102.48391666666666,
            -50.61438888888889
          ],
          [
            -112.30783333333333,
            -43.30188888888889
          ]
        ]
      },
      "properties": {
        "constellation": "Pup"
      }
    },
    {
      "type": "Feature",
      "geometry": {
        "type": "LineString",
        "coordinates": [
          [
            -112.30783333333333,
            -43.30188888888889
          ],
          [
            -120.89612500000001,
            -40.003194444444446
          ]
        ]
      },
      "properties": {
        "constellation": "Pup"
      }
    },
    {
      "type": "Feature",
      "geometry": {
        "type": "LineString",
        "coordinates": [
          [
            -120.89612500000001,
            -40.003194444444446
          ],
          [
            -121.88625,
            -24.304444444444446
          ]
        ]
      },
      "properties": {
        "constellation": "Pup"
      }
    },
    {
      "type": "Feature",
      "geometry": {
        "type": "LineString",
        "coordinates": [
          [
            -130.02558333333332,
            -35.308305555555556
          ],
          [
            -130.898125,
            -33.186416666666666
          ]
        ]
      },
      "properties": {
        "constellation": "Pyx"
      }
    },
    {
      "type": "Feature",
      "geometry": {
        "type": "LineString",
        "coordinates": [
          [
            -130.898125,
            -33.186416666666666
          ],
          [
            -132.633375,
            -27.710055555555556
          ]
        ]
      },
      "properties": {
        "constellation": "Pyx"
      }
    },
    {
      "type": "Feature",
      "geometry": {
        "type": "LineString",
        "coordinates": [
          [
            -63.60595833333334,
            -62.47397222222222
          ],
          [
            -64.12116666666665,
            -59.30175
          ]
        ]
      },
      "properties": {
        "constellation": "Ret"
      }
    },
    {
      "type": "Feature",
      "geometry": {
        "type": "LineString",
        "coordinates": [
          [
            -64.12116666666665,
            -59.30175
          ],
          [
            -59.68641666666667,
            -61.40013888888889
          ]
        ]
      },
      "properties": {
        "constellation": "Ret"
      }
    },
    {
      "type": "Feature",
      "geometry": {
        "type": "LineString",
        "coordinates": [
          [
            -59.68641666666667,
            -61.40013888888889
          ],
          [
            -56.048125,
            -64.80708333333332
          ]
        ]
      },
      "properties": {
        "constellation": "Ret"
      }
    },
    {
      "type": "Feature",
      "geometry": {
        "type": "LineString",
        "coordinates": [
          [
            -56.048125,
            -64.80708333333332
          ],
          [
            -63.60595833333334,
            -62.47397222222222
          ]
        ]
      },
      "properties": {
        "constellation": "Ret"
      }
    },
    {
      "type": "Feature",
      "geometry": {
        "type": "LineString",
        "coordinates": [
          [
            6.7575416666666115,
            -37.818361111111116
          ],
          [
            -14.651458333333332,
            -29.357472222222224
          ]
        ]
      },
      "properties": {
        "constellation": "Scl"
      }
    },
    {
      "type": "Feature",
      "geometry": {
        "type": "LineString",
        "coordinates": [
          [
            -14.651458333333332,
            -29.357472222222224
          ],
          [
            10.294041666666658,
            -32.53183333333333
          ]
        ]
      },
      "properties": {
        "constellation": "Scl"
      }
    },
    {
      "type": "Feature",
      "geometry": {
        "type": "LineString",
        "coordinates": [
          [
            10.294041666666658,
            -32.53183333333333
          ],
          [
            6.7575416666666115,
            -37.818361111111116
          ]
        ]
      },
      "properties": {
        "constellation": "Scl"
      }
    },
    {
      "type": "Feature",
      "geometry": {
        "type": "LineString",
        "coordinates": [
          [
            96.59779166666664,
            -37.10375
          ],
          [
            94.37799999999999,
            -39.029916666666665
          ]
        ]
      },
      "properties": {
        "constellation": "Sco"
      }
    },
    {
      "type": "Feature",
      "geometry": {
        "type": "LineString",
        "coordinates": [
          [
            94.37799999999999,
            -39.029916666666665
          ],
          [
            93.10383333333334,
            -40.12697222222222
          ]
        ]
      },
      "properties": {
        "constellation": "Sco"
      }
    },
    {
      "type": "Feature",
      "geometry": {
        "type": "LineString",
        "coordinates": [
          [
            93.10383333333334,
            -40.12697222222222
          ],
          [
            95.67029166666669,
            -42.99783333333333
          ]
        ]
      },
      "properties": {
        "constellation": "Sco"
      }
    },
    {
      "type": "Feature",
      "geometry": {
        "type": "LineString",
        "coordinates": [
          [
            95.67029166666669,
            -42.99783333333333
          ],
          [
            101.96175,
            -43.2385
          ]
        ]
      },
      "properties": {
        "constellation": "Sco"
      }
    },
    {
      "type": "Feature",
      "geometry": {
        "type": "LineString",
        "coordinates": [
          [
            101.96175,
            -43.2385
          ],
          [
            106.501125,
            -42.362027777777776
          ]
        ]
      },
      "properties": {
        "constellation": "Sco"
      }
    },
    {
      "type": "Feature",
      "geometry": {
        "type": "LineString",
        "coordinates": [
          [
            106.501125,
            -42.362027777777776
          ],
          [
            107.0323333333333,
            -38.047333333333334
          ]
        ]
      },
      "properties": {
        "constellation": "Sco"
      }
    },
    {
      "type": "Feature",
      "geometry": {
        "type": "LineString",
        "coordinates": [
          [
            107.0323333333333,
            -38.047333333333334
          ],
          [
            107.45733333333334,
            -34.29261111111111
          ]
        ]
      },
      "properties": {
        "constellation": "Sco"
      }
    },
    {
      "type": "Feature",
      "geometry": {
        "type": "LineString",
        "coordinates": [
          [
            107.45733333333334,
            -34.29261111111111
          ],
          [
            111.02933333333334,
            -28.21597222222222
          ]
        ]
      },
      "properties": {
        "constellation": "Sco"
      }
    },
    {
      "type": "Feature",
      "geometry": {
        "type": "LineString",
        "coordinates": [
          [
            111.02933333333334,
            -28.21597222222222
          ],
          [
            112.64804166666667,
            -26.431944444444447
          ]
        ]
      },
      "properties": {
        "constellation": "Sco"
      }
    },
    {
      "type": "Feature",
      "geometry": {
        "type": "LineString",
        "coordinates": [
          [
            112.64804166666667,
            -26.431944444444447
          ],
          [
            119.91662500000001,
            -22.62161111111111
          ]
        ]
      },
      "properties": {
        "constellation": "Sco"
      }
    },
    {
      "type": "Feature",
      "geometry": {
        "type": "LineString",
        "coordinates": [
          [
            112.64804166666667,
            -26.431944444444447
          ],
          [
            120.28699999999998,
            -26.114055555555556
          ]
        ]
      },
      "properties": {
        "constellation": "Sco"
      }
    },
    {
      "type": "Feature",
      "geometry": {
        "type": "LineString",
        "coordinates": [
          [
            112.64804166666667,
            -26.431944444444447
          ],
          [
            118.64070833333335,
            -19.80538888888889
          ]
        ]
      },
      "properties": {
        "constellation": "Sco"
      }
    },
    {
      "type": "Feature",
      "geometry": {
        "type": "LineString",
        "coordinates": [
          [
            78.2063333333333,
            -4.747833333333333
          ],
          [
            78.12924999999996,
            -5.7050833333333335
          ]
        ]
      },
      "properties": {
        "constellation": "Sct"
      }
    },
    {
      "type": "Feature",
      "geometry": {
        "type": "LineString",
        "coordinates": [
          [
            78.12924999999996,
            -5.7050833333333335
          ],
          [
            76.3203333333334,
            -15.603027777777777
          ]
        ]
      },
      "properties": {
        "constellation": "Sct"
      }
    },
    {
      "type": "Feature",
      "geometry": {
        "type": "LineString",
        "coordinates": [
          [
            76.3203333333334,
            -15.603027777777777
          ],
          [
            82.700625,
            -14.565805555555556
          ]
        ]
      },
      "properties": {
        "constellation": "Sct"
      }
    },
    {
      "type": "Feature",
      "geometry": {
        "type": "LineString",
        "coordinates": [
          [
            82.700625,
            -14.565805555555556
          ],
          [
            81.19816666666668,
            -8.243305555555555
          ]
        ]
      },
      "properties": {
        "constellation": "Sct"
      }
    },
    {
      "type": "Feature",
      "geometry": {
        "type": "LineString",
        "coordinates": [
          [
            81.19816666666668,
            -8.243305555555555
          ],
          [
            78.2063333333333,
            -4.747833333333333
          ]
        ]
      },
      "properties": {
        "constellation": "Sct"
      }
    },
    {
      "type": "Feature",
      "geometry": {
        "type": "LineString",
        "coordinates": [
          [
            122.59470833333333,
            -3.4301388888888886
          ],
          [
            122.29629166666663,
            4.4775833333333335
          ]
        ]
      },
      "properties": {
        "constellation": "Ser"
      }
    },
    {
      "type": "Feature",
      "geometry": {
        "type": "LineString",
        "coordinates": [
          [
            122.29629166666663,
            4.4775833333333335
          ],
          [
            123.93333333333334,
            6.425527777777778
          ]
        ]
      },
      "properties": {
        "constellation": "Ser"
      }
    },
    {
      "type": "Feature",
      "geometry": {
        "type": "LineString",
        "coordinates": [
          [
            123.93333333333334,
            6.425527777777778
          ],
          [
            126.29920833333333,
            10.53886111111111
          ]
        ]
      },
      "properties": {
        "constellation": "Ser"
      }
    },
    {
      "type": "Feature",
      "geometry": {
        "type": "LineString",
        "coordinates": [
          [
            126.29920833333333,
            10.53886111111111
          ],
          [
            123.45329166666664,
            15.421916666666666
          ]
        ]
      },
      "properties": {
        "constellation": "Ser"
      }
    },
    {
      "type": "Feature",
      "geometry": {
        "type": "LineString",
        "coordinates": [
          [
            123.45329166666664,
            15.421916666666666
          ],
          [
            120.88754166666666,
            15.664722222222222
          ]
        ]
      },
      "properties": {
        "constellation": "Ser"
      }
    },
    {
      "type": "Feature",
      "geometry": {
        "type": "LineString",
        "coordinates": [
          [
            120.88754166666666,
            15.664722222222222
          ],
          [
            122.81495833333332,
            18.141777777777776
          ]
        ]
      },
      "properties": {
        "constellation": "Ser"
      }
    },
    {
      "type": "Feature",
      "geometry": {
        "type": "LineString",
        "coordinates": [
          [
            122.81495833333332,
            18.141777777777776
          ],
          [
            123.45329166666664,
            15.421916666666666
          ]
        ]
      },
      "properties": {
        "constellation": "Ser"
      }
    },
    {
      "type": "Feature",
      "geometry": {
        "type": "LineString",
        "coordinates": [
          [
            75.94516666666664,
            4.2035277777777775
          ],
          [
            84.67116666666664,
            -2.897111111111111
          ]
        ]
      },
      "properties": {
        "constellation": "Ser"
      }
    },
    {
      "type": "Feature",
      "geometry": {
        "type": "LineString",
        "coordinates": [
          [
            84.67116666666664,
            -2.897111111111111
          ],
          [
            94.64616666666666,
            -12.875166666666667
          ]
        ]
      },
      "properties": {
        "constellation": "Ser"
      }
    },
    {
      "type": "Feature",
      "geometry": {
        "type": "LineString",
        "coordinates": [
          [
            94.64616666666666,
            -12.875166666666667
          ],
          [
            95.60320833333333,
            -15.398416666666666
          ]
        ]
      },
      "properties": {
        "constellation": "Ser"
      }
    },
    {
      "type": "Feature",
      "geometry": {
        "type": "LineString",
        "coordinates": [
          [
            95.60320833333333,
            -15.398416666666666
          ],
          [
            99.79316666666665,
            -12.84688888888889
          ]
        ]
      },
      "properties": {
        "constellation": "Ser"
      }
    },
    {
      "type": "Feature",
      "geometry": {
        "type": "LineString",
        "coordinates": [
          [
            -157.57291666666669,
            -0.6369722222222222
          ],
          [
            -151.98458333333335,
            -0.37163888888888885
          ]
        ]
      },
      "properties": {
        "constellation": "Sex"
      }
    },
    {
      "type": "Feature",
      "geometry": {
        "type": "LineString",
        "coordinates": [
          [
            64.73779166666668,
            17.47611111111111
          ],
          [
            63.15304166666664,
            18.53425
          ]
        ]
      },
      "properties": {
        "constellation": "Sge"
      }
    },
    {
      "type": "Feature",
      "geometry": {
        "type": "LineString",
        "coordinates": [
          [
            63.15304166666664,
            18.53425
          ],
          [
            64.97591666666665,
            18.013944444444444
          ]
        ]
      },
      "properties": {
        "constellation": "Sge"
      }
    },
    {
      "type": "Feature",
      "geometry": {
        "type": "LineString",
        "coordinates": [
          [
            63.15304166666664,
            18.53425
          ],
          [
            60.31087500000001,
            19.492083333333333
          ]
        ]
      },
      "properties": {
        "constellation": "Sge"
      }
    },
    {
      "type": "Feature",
      "geometry": {
        "type": "LineString",
        "coordinates": [
          [
            60.31087500000001,
            19.492083333333333
          ],
          [
            58.7105416666667,
            19.99088888888889
          ]
        ]
      },
      "properties": {
        "constellation": "Sge"
      }
    },
    {
      "type": "Feature",
      "geometry": {
        "type": "LineString",
        "coordinates": [
          [
            84.75158333333331,
            -29.828027777777777
          ],
          [
            83.00720833333332,
            -25.42125
          ]
        ]
      },
      "properties": {
        "constellation": "Sgr"
      }
    },
    {
      "type": "Feature",
      "geometry": {
        "type": "LineString",
        "coordinates": [
          [
            85.59279166666664,
            -36.76127777777778
          ],
          [
            83.95687500000003,
            -34.38430555555556
          ]
        ]
      },
      "properties": {
        "constellation": "Sgr"
      }
    },
    {
      "type": "Feature",
      "geometry": {
        "type": "LineString",
        "coordinates": [
          [
            83.95687500000003,
            -34.38430555555556
          ],
          [
            88.54783333333336,
            -30.423638888888892
          ]
        ]
      },
      "properties": {
        "constellation": "Sgr"
      }
    },
    {
      "type": "Feature",
      "geometry": {
        "type": "LineString",
        "coordinates": [
          [
            88.54783333333336,
            -30.423638888888892
          ],
          [
            93.10987499999999,
            -27.83075
          ]
        ]
      },
      "properties": {
        "constellation": "Sgr"
      }
    },
    {
      "type": "Feature",
      "geometry": {
        "type": "LineString",
        "coordinates": [
          [
            88.54783333333336,
            -30.423638888888892
          ],
          [
            84.75158333333331,
            -29.828027777777777
          ]
        ]
      },
      "properties": {
        "constellation": "Sgr"
      }
    },
    {
      "type": "Feature",
      "geometry": {
        "type": "LineString",
        "coordinates": [
          [
            84.75158333333331,
            -29.828027777777777
          ],
          [
            83.95687500000003,
            -34.38430555555556
          ]
        ]
      },
      "properties": {
        "constellation": "Sgr"
      }
    },
    {
      "type": "Feature",
      "geometry": {
        "type": "LineString",
        "coordinates": [
          [
            83.95687500000003,
            -34.38430555555556
          ],
          [
            74.34699999999998,
            -29.880111111111113
          ]
        ]
      },
      "properties": {
        "constellation": "Sgr"
      }
    },
    {
      "type": "Feature",
      "geometry": {
        "type": "LineString",
        "coordinates": [
          [
            74.34699999999998,
            -29.880111111111113
          ],
          [
            78.58604166666663,
            -26.99077777777778
          ]
        ]
      },
      "properties": {
        "constellation": "Sgr"
      }
    },
    {
      "type": "Feature",
      "geometry": {
        "type": "LineString",
        "coordinates": [
          [
            78.58604166666663,
            -26.99077777777778
          ],
          [
            84.75158333333331,
            -29.828027777777777
          ]
        ]
      },
      "properties": {
        "constellation": "Sgr"
      }
    },
    {
      "type": "Feature",
      "geometry": {
        "type": "LineString",
        "coordinates": [
          [
            78.58604166666663,
            -26.99077777777778
          ],
          [
            83.00720833333332,
            -25.42125
          ]
        ]
      },
      "properties": {
        "constellation": "Sgr"
      }
    },
    {
      "type": "Feature",
      "geometry": {
        "type": "LineString",
        "coordinates": [
          [
            83.00720833333332,
            -25.42125
          ],
          [
            86.55912500000005,
            -21.058833333333332
          ]
        ]
      },
      "properties": {
        "constellation": "Sgr"
      }
    },
    {
      "type": "Feature",
      "geometry": {
        "type": "LineString",
        "coordinates": [
          [
            74.34699999999998,
            -29.880111111111113
          ],
          [
            73.26483333333329,
            -27.669805555555556
          ]
        ]
      },
      "properties": {
        "constellation": "Sgr"
      }
    },
    {
      "type": "Feature",
      "geometry": {
        "type": "LineString",
        "coordinates": [
          [
            73.26483333333329,
            -27.669805555555556
          ],
          [
            76.18366666666668,
            -26.296583333333334
          ]
        ]
      },
      "properties": {
        "constellation": "Sgr"
      }
    },
    {
      "type": "Feature",
      "geometry": {
        "type": "LineString",
        "coordinates": [
          [
            76.18366666666668,
            -26.296583333333334
          ],
          [
            78.58604166666663,
            -26.99077777777778
          ]
        ]
      },
      "properties": {
        "constellation": "Sgr"
      }
    },
    {
      "type": "Feature",
      "geometry": {
        "type": "LineString",
        "coordinates": [
          [
            76.18366666666668,
            -26.296583333333334
          ],
          [
            75.56758333333335,
            -21.106611111111114
          ]
        ]
      },
      "properties": {
        "constellation": "Sgr"
      }
    },
    {
      "type": "Feature",
      "geometry": {
        "type": "LineString",
        "coordinates": [
          [
            75.56758333333335,
            -21.106611111111114
          ],
          [
            73.82945833333332,
            -21.74136111111111
          ]
        ]
      },
      "properties": {
        "constellation": "Sgr"
      }
    },
    {
      "type": "Feature",
      "geometry": {
        "type": "LineString",
        "coordinates": [
          [
            73.82945833333332,
            -21.74136111111111
          ],
          [
            70.59129166666662,
            -18.95288888888889
          ]
        ]
      },
      "properties": {
        "constellation": "Sgr"
      }
    },
    {
      "type": "Feature",
      "geometry": {
        "type": "LineString",
        "coordinates": [
          [
            70.59129166666662,
            -18.95288888888889
          ],
          [
            69.58175,
            -17.84725
          ]
        ]
      },
      "properties": {
        "constellation": "Sgr"
      }
    },
    {
      "type": "Feature",
      "geometry": {
        "type": "LineString",
        "coordinates": [
          [
            73.26483333333329,
            -27.669805555555556
          ],
          [
            65.99312499999996,
            -24.719027777777775
          ]
        ]
      },
      "properties": {
        "constellation": "Sgr"
      }
    },
    {
      "type": "Feature",
      "geometry": {
        "type": "LineString",
        "coordinates": [
          [
            65.99312499999996,
            -24.719027777777775
          ],
          [
            59.33558333333332,
            -27.709888888888887
          ]
        ]
      },
      "properties": {
        "constellation": "Sgr"
      }
    },
    {
      "type": "Feature",
      "geometry": {
        "type": "LineString",
        "coordinates": [
          [
            59.33558333333332,
            -27.709888888888887
          ],
          [
            60.0659583333333,
            -35.27625
          ]
        ]
      },
      "properties": {
        "constellation": "Sgr"
      }
    },
    {
      "type": "Feature",
      "geometry": {
        "type": "LineString",
        "coordinates": [
          [
            60.0659583333333,
            -35.27625
          ],
          [
            61.18466666666666,
            -41.86841666666667
          ]
        ]
      },
      "properties": {
        "constellation": "Sgr"
      }
    },
    {
      "type": "Feature",
      "geometry": {
        "type": "LineString",
        "coordinates": [
          [
            61.18466666666666,
            -41.86841666666667
          ],
          [
            69.02854166666668,
            -40.61563888888889
          ]
        ]
      },
      "properties": {
        "constellation": "Sgr"
      }
    },
    {
      "type": "Feature",
      "geometry": {
        "type": "LineString",
        "coordinates": [
          [
            61.18466666666666,
            -41.86841666666667
          ],
          [
            69.19558333333339,
            -44.799638888888886
          ]
        ]
      },
      "properties": {
        "constellation": "Sgr"
      }
    },
    {
      "type": "Feature",
      "geometry": {
        "type": "LineString",
        "coordinates": [
          [
            -81.57291666666667,
            28.607861111111113
          ],
          [
            -70.56125,
            22.956972222222223
          ]
        ]
      },
      "properties": {
        "constellation": "Tau"
      }
    },
    {
      "type": "Feature",
      "geometry": {
        "type": "LineString",
        "coordinates": [
          [
            -70.56125,
            22.956972222222223
          ],
          [
            -67.15387500000001,
            19.18052777777778
          ]
        ]
      },
      "properties": {
        "constellation": "Tau"
      }
    },
    {
      "type": "Feature",
      "geometry": {
        "type": "LineString",
        "coordinates": [
          [
            -68.97999999999999,
            16.50975
          ],
          [
            -84.41116666666667,
            21.142583333333334
          ]
        ]
      },
      "properties": {
        "constellation": "Tau"
      }
    },
    {
      "type": "Feature",
      "geometry": {
        "type": "LineString",
        "coordinates": [
          [
            -64.94804166666667,
            15.627694444444446
          ],
          [
            -65.73345833333333,
            17.542583333333337
          ]
        ]
      },
      "properties": {
        "constellation": "Tau"
      }
    },
    {
      "type": "Feature",
      "geometry": {
        "type": "LineString",
        "coordinates": [
          [
            -64.94804166666667,
            15.627694444444446
          ],
          [
            -60.17008333333334,
            12.490388888888887
          ]
        ]
      },
      "properties": {
        "constellation": "Tau"
      }
    },
    {
      "type": "Feature",
      "geometry": {
        "type": "LineString",
        "coordinates": [
          [
            -60.17008333333334,
            12.490388888888887
          ],
          [
            -51.2035,
            9.029055555555557
          ]
        ]
      },
      "properties": {
        "constellation": "Tau"
      }
    },
    {
      "type": "Feature",
      "geometry": {
        "type": "LineString",
        "coordinates": [
          [
            -68.97999999999999,
            16.50975
          ],
          [
            -67.15387500000001,
            19.18052777777778
          ]
        ]
      },
      "properties": {
        "constellation": "Tau"
      }
    },
    {
      "type": "Feature",
      "geometry": {
        "type": "LineString",
        "coordinates": [
          [
            -68.97999999999999,
            16.50975
          ],
          [
            -67.16529166666666,
            15.870944444444445
          ]
        ]
      },
      "properties": {
        "constellation": "Tau"
      }
    },
    {
      "type": "Feature",
      "geometry": {
        "type": "LineString",
        "coordinates": [
          [
            -67.16529166666666,
            15.870944444444445
          ],
          [
            -64.94804166666667,
            15.627694444444446
          ]
        ]
      },
      "properties": {
        "constellation": "Tau"
      }
    },
    {
      "type": "Feature",
      "geometry": {
        "type": "LineString",
        "coordinates": [
          [
            -67.15387500000001,
            19.18052777777778
          ],
          [
            -66.37216666666667,
            17.928
          ]
        ]
      },
      "properties": {
        "constellation": "Tau"
      }
    },
    {
      "type": "Feature",
      "geometry": {
        "type": "LineString",
        "coordinates": [
          [
            -66.37216666666667,
            17.928
          ],
          [
            -65.73345833333333,
            17.542583333333337
          ]
        ]
      },
      "properties": {
        "constellation": "Tau"
      }
    },
    {
      "type": "Feature",
      "geometry": {
        "type": "LineString",
        "coordinates": [
          [
            -65.73345833333333,
            17.542583333333337
          ],
          [
            -57.29054166666666,
            24.053527777777777
          ]
        ]
      },
      "properties": {
        "constellation": "Tau"
      }
    },
    {
      "type": "Feature",
      "geometry": {
        "type": "LineString",
        "coordinates": [
          [
            82.79275000000001,
            -49.07002777777778
          ],
          [
            83.25654166666664,
            -45.968333333333334
          ]
        ]
      },
      "properties": {
        "constellation": "Tel"
      }
    },
    {
      "type": "Feature",
      "geometry": {
        "type": "LineString",
        "coordinates": [
          [
            107.83387499999998,
            -69.02763888888889
          ],
          [
            130.272125,
            -68.67947222222223
          ]
        ]
      },
      "properties": {
        "constellation": "TrA"
      }
    },
    {
      "type": "Feature",
      "geometry": {
        "type": "LineString",
        "coordinates": [
          [
            130.272125,
            -68.67947222222223
          ],
          [
            121.21329166666666,
            -63.42975
          ]
        ]
      },
      "properties": {
        "constellation": "TrA"
      }
    },
    {
      "type": "Feature",
      "geometry": {
        "type": "LineString",
        "coordinates": [
          [
            121.21329166666666,
            -63.42975
          ],
          [
            107.83387499999998,
            -69.02763888888889
          ]
        ]
      },
      "properties": {
        "constellation": "TrA"
      }
    },
    {
      "type": "Feature",
      "geometry": {
        "type": "LineString",
        "coordinates": [
          [
            -33.98458333333333,
            33.35897222222222
          ],
          [
            -32.3855,
            34.98738888888889
          ]
        ]
      },
      "properties": {
        "constellation": "Tri"
      }
    },
    {
      "type": "Feature",
      "geometry": {
        "type": "LineString",
        "coordinates": [
          [
            -32.3855,
            34.98738888888889
          ],
          [
            -28.270416666666666,
            29.57938888888889
          ]
        ]
      },
      "properties": {
        "constellation": "Tri"
      }
    },
    {
      "type": "Feature",
      "geometry": {
        "type": "LineString",
        "coordinates": [
          [
            -28.270416666666666,
            29.57938888888889
          ],
          [
            -33.98458333333333,
            33.35897222222222
          ]
        ]
      },
      "properties": {
        "constellation": "Tri"
      }
    },
    {
      "type": "Feature",
      "geometry": {
        "type": "LineString",
        "coordinates": [
          [
            25.37424999999996,
            -60.2595
          ],
          [
            10.642458333333309,
            -58.23591666666667
          ]
        ]
      },
      "properties": {
        "constellation": "Tuc"
      }
    },
    {
      "type": "Feature",
      "geometry": {
        "type": "LineString",
        "coordinates": [
          [
            10.642458333333309,
            -58.23591666666667
          ],
          [
            -5.007958333333333,
            -64.87761111111111
          ]
        ]
      },
      "properties": {
        "constellation": "Tuc"
      }
    },
    {
      "type": "Feature",
      "geometry": {
        "type": "LineString",
        "coordinates": [
          [
            10.642458333333309,
            -58.23591666666667
          ],
          [
            -7.885666666666667,
            -62.958083333333335
          ]
        ]
      },
      "properties": {
        "constellation": "Tuc"
      }
    },
    {
      "type": "Feature",
      "geometry": {
        "type": "LineString",
        "coordinates": [
          [
            153.114375,
            49.31330555555555
          ],
          [
            159.01908333333333,
            54.92541666666666
          ]
        ]
      },
      "properties": {
        "constellation": "UMa"
      }
    },
    {
      "type": "Feature",
      "geometry": {
        "type": "LineString",
        "coordinates": [
          [
            159.01908333333333,
            54.92541666666666
          ],
          [
            166.49320833333334,
            55.959833333333336
          ]
        ]
      },
      "properties": {
        "constellation": "UMa"
      }
    },
    {
      "type": "Feature",
      "geometry": {
        "type": "LineString",
        "coordinates": [
          [
            166.49320833333334,
            55.959833333333336
          ],
          [
            176.14395833333333,
            57.03261111111111
          ]
        ]
      },
      "properties": {
        "constellation": "UMa"
      }
    },
    {
      "type": "Feature",
      "geometry": {
        "type": "LineString",
        "coordinates": [
          [
            176.14395833333333,
            57.03261111111111
          ],
          [
            194.06733333333332,
            61.75111111111111
          ]
        ]
      },
      "properties": {
        "constellation": "UMa"
      }
    },
    {
      "type": "Feature",
      "geometry": {
        "type": "LineString",
        "coordinates": [
          [
            -165.93266666666668,
            61.75111111111111
          ],
          [
            -165.45995833333336,
            56.382333333333335
          ]
        ]
      },
      "properties": {
        "constellation": "UMa"
      }
    },
    {
      "type": "Feature",
      "geometry": {
        "type": "LineString",
        "coordinates": [
          [
            -165.45995833333336,
            56.382333333333335
          ],
          [
            -178.45725,
            53.69472222222222
          ]
        ]
      },
      "properties": {
        "constellation": "UMa"
      }
    },
    {
      "type": "Feature",
      "geometry": {
        "type": "LineString",
        "coordinates": [
          [
            181.54275,
            53.69472222222222
          ],
          [
            176.14395833333333,
            57.03261111111111
          ]
        ]
      },
      "properties": {
        "constellation": "UMa"
      }
    },
    {
      "type": "Feature",
      "geometry": {
        "type": "LineString",
        "coordinates": [
          [
            -178.45725,
            53.69472222222222
          ],
          [
            -176.51304166666668,
            47.779333333333334
          ]
        ]
      },
      "properties": {
        "constellation": "UMa"
      }
    },
    {
      "type": "Feature",
      "geometry": {
        "type": "LineString",
        "coordinates": [
          [
            -176.51304166666668,
            47.779333333333334
          ],
          [
            -167.41608333333332,
            44.498555555555555
          ]
        ]
      },
      "properties": {
        "constellation": "UMa"
      }
    },
    {
      "type": "Feature",
      "geometry": {
        "type": "LineString",
        "coordinates": [
          [
            -167.41608333333332,
            44.498555555555555
          ],
          [
            -154.27470833333334,
            42.91447222222222
          ]
        ]
      },
      "properties": {
        "constellation": "UMa"
      }
    },
    {
      "type": "Feature",
      "geometry": {
        "type": "LineString",
        "coordinates": [
          [
            -167.41608333333332,
            44.498555555555555
          ],
          [
            -155.5825,
            41.49944444444444
          ]
        ]
      },
      "properties": {
        "constellation": "UMa"
      }
    },
    {
      "type": "Feature",
      "geometry": {
        "type": "LineString",
        "coordinates": [
          [
            -165.45995833333336,
            56.382333333333335
          ],
          [
            -148.0265,
            54.064277777777775
          ]
        ]
      },
      "properties": {
        "constellation": "UMa"
      }
    },
    {
      "type": "Feature",
      "geometry": {
        "type": "LineString",
        "coordinates": [
          [
            -148.0265,
            54.064277777777775
          ],
          [
            -143.21804166666666,
            51.67861111111111
          ]
        ]
      },
      "properties": {
        "constellation": "UMa"
      }
    },
    {
      "type": "Feature",
      "geometry": {
        "type": "LineString",
        "coordinates": [
          [
            -143.21804166666666,
            51.67861111111111
          ],
          [
            -135.90650000000002,
            47.156666666666666
          ]
        ]
      },
      "properties": {
        "constellation": "UMa"
      }
    },
    {
      "type": "Feature",
      "geometry": {
        "type": "LineString",
        "coordinates": [
          [
            -143.21804166666666,
            51.67861111111111
          ],
          [
            -134.80349999999999,
            48.042361111111106
          ]
        ]
      },
      "properties": {
        "constellation": "UMa"
      }
    },
    {
      "type": "Feature",
      "geometry": {
        "type": "LineString",
        "coordinates": [
          [
            -148.0265,
            54.064277777777775
          ],
          [
            -147.74870833333333,
            59.03911111111111
          ]
        ]
      },
      "properties": {
        "constellation": "UMa"
      }
    },
    {
      "type": "Feature",
      "geometry": {
        "type": "LineString",
        "coordinates": [
          [
            -147.74870833333333,
            59.03911111111111
          ],
          [
            -127.56679166666666,
            60.718444444444444
          ]
        ]
      },
      "properties": {
        "constellation": "UMa"
      }
    },
    {
      "type": "Feature",
      "geometry": {
        "type": "LineString",
        "coordinates": [
          [
            -127.56679166666666,
            60.718444444444444
          ],
          [
            -142.8815416666667,
            63.06180555555555
          ]
        ]
      },
      "properties": {
        "constellation": "UMa"
      }
    },
    {
      "type": "Feature",
      "geometry": {
        "type": "LineString",
        "coordinates": [
          [
            -142.8815416666667,
            63.06180555555555
          ],
          [
            -165.93266666666668,
            61.75111111111111
          ]
        ]
      },
      "properties": {
        "constellation": "UMa"
      }
    },
    {
      "type": "Feature",
      "geometry": {
        "type": "LineString",
        "coordinates": [
          [
            -37.94616666666666,
            89.2641388888889
          ],
          [
            96.94624999999996,
            86.58633333333333
          ]
        ]
      },
      "properties": {
        "constellation": "UMi"
      }
    },
    {
      "type": "Feature",
      "geometry": {
        "type": "LineString",
        "coordinates": [
          [
            96.94624999999996,
            86.58633333333333
          ],
          [
            108.50766666666664,
            82.03725
          ]
        ]
      },
      "properties": {
        "constellation": "UMi"
      }
    },
    {
      "type": "Feature",
      "geometry": {
        "type": "LineString",
        "coordinates": [
          [
            108.50766666666664,
            82.03725
          ],
          [
            123.98558333333335,
            77.7945
          ]
        ]
      },
      "properties": {
        "constellation": "UMi"
      }
    },
    {
      "type": "Feature",
      "geometry": {
        "type": "LineString",
        "coordinates": [
          [
            123.98558333333335,
            77.7945
          ],
          [
            115.62291666666661,
            75.75469444444444
          ]
        ]
      },
      "properties": {
        "constellation": "UMi"
      }
    },
    {
      "type": "Feature",
      "geometry": {
        "type": "LineString",
        "coordinates": [
          [
            115.62291666666661,
            75.75469444444444
          ],
          [
            129.81770833333331,
            71.83397222222222
          ]
        ]
      },
      "properties": {
        "constellation": "UMi"
      }
    },
    {
      "type": "Feature",
      "geometry": {
        "type": "LineString",
        "coordinates": [
          [
            129.81770833333331,
            71.83397222222222
          ],
          [
            137.32333333333332,
            74.15547222222223
          ]
        ]
      },
      "properties": {
        "constellation": "UMi"
      }
    },
    {
      "type": "Feature",
      "geometry": {
        "type": "LineString",
        "coordinates": [
          [
            137.32333333333332,
            74.15547222222223
          ],
          [
            123.98558333333335,
            77.7945
          ]
        ]
      },
      "properties": {
        "constellation": "UMi"
      }
    },
    {
      "type": "Feature",
      "geometry": {
        "type": "LineString",
        "coordinates": [
          [
            -122.38316666666668,
            -47.33661111111111
          ],
          [
            -130.073375,
            -52.92197222222222
          ]
        ]
      },
      "properties": {
        "constellation": "Vel"
      }
    },
    {
      "type": "Feature",
      "geometry": {
        "type": "LineString",
        "coordinates": [
          [
            -130.073375,
            -52.92197222222222
          ],
          [
            -131.17583333333332,
            -54.708555555555556
          ]
        ]
      },
      "properties": {
        "constellation": "Vel"
      }
    },
    {
      "type": "Feature",
      "geometry": {
        "type": "LineString",
        "coordinates": [
          [
            -131.17583333333332,
            -54.708555555555556
          ],
          [
            -140.52845833333333,
            -55.01069444444445
          ]
        ]
      },
      "properties": {
        "constellation": "Vel"
      }
    },
    {
      "type": "Feature",
      "geometry": {
        "type": "LineString",
        "coordinates": [
          [
            -140.52845833333333,
            -55.01069444444445
          ],
          [
            -149.215625,
            -54.56780555555556
          ]
        ]
      },
      "properties": {
        "constellation": "Vel"
      }
    },
    {
      "type": "Feature",
      "geometry": {
        "type": "LineString",
        "coordinates": [
          [
            -149.215625,
            -54.56780555555556
          ],
          [
            -161.69216666666668,
            -49.420138888888886
          ]
        ]
      },
      "properties": {
        "constellation": "Vel"
      }
    },
    {
      "type": "Feature",
      "geometry": {
        "type": "LineString",
        "coordinates": [
          [
            -161.69216666666668,
            -49.420138888888886
          ],
          [
            -159.32608333333334,
            -48.225611111111114
          ]
        ]
      },
      "properties": {
        "constellation": "Vel"
      }
    },
    {
      "type": "Feature",
      "geometry": {
        "type": "LineString",
        "coordinates": [
          [
            -159.32608333333334,
            -48.225611111111114
          ],
          [
            -153.68445833333334,
            -42.122055555555555
          ]
        ]
      },
      "properties": {
        "constellation": "Vel"
      }
    },
    {
      "type": "Feature",
      "geometry": {
        "type": "LineString",
        "coordinates": [
          [
            -153.68445833333334,
            -42.122055555555555
          ],
          [
            -142.67545833333335,
            -40.46688888888889
          ]
        ]
      },
      "properties": {
        "constellation": "Vel"
      }
    },
    {
      "type": "Feature",
      "geometry": {
        "type": "LineString",
        "coordinates": [
          [
            -142.67545833333335,
            -40.46688888888889
          ],
          [
            -136.99908333333335,
            -43.43261111111111
          ]
        ]
      },
      "properties": {
        "constellation": "Vel"
      }
    },
    {
      "type": "Feature",
      "geometry": {
        "type": "LineString",
        "coordinates": [
          [
            -136.99908333333335,
            -43.43261111111111
          ],
          [
            -122.38316666666668,
            -47.33661111111111
          ]
        ]
      },
      "properties": {
        "constellation": "Vel"
      }
    },
    {
      "type": "Feature",
      "geometry": {
        "type": "LineString",
        "coordinates": [
          [
            183.535125,
            6.529805555555556
          ],
          [
            175.33208333333334,
            -0.7871388888888888
          ]
        ]
      },
      "properties": {
        "constellation": "Vir"
      }
    },
    {
      "type": "Feature",
      "geometry": {
        "type": "LineString",
        "coordinates": [
          [
            175.33208333333334,
            -0.7871388888888888
          ],
          [
            169.58333333333334,
            -1.4495277777777777
          ]
        ]
      },
      "properties": {
        "constellation": "Vir"
      }
    },
    {
      "type": "Feature",
      "geometry": {
        "type": "LineString",
        "coordinates": [
          [
            169.58333333333334,
            -1.4495277777777777
          ],
          [
            158.70166666666668,
            -11.16125
          ]
        ]
      },
      "properties": {
        "constellation": "Vir"
      }
    },
    {
      "type": "Feature",
      "geometry": {
        "type": "LineString",
        "coordinates": [
          [
            158.70166666666668,
            -11.16125
          ],
          [
            146.77608333333333,
            -10.274055555555556
          ]
        ]
      },
      "properties": {
        "constellation": "Vir"
      }
    },
    {
      "type": "Feature",
      "geometry": {
        "type": "LineString",
        "coordinates": [
          [
            146.77608333333333,
            -10.274055555555556
          ],
          [
            145.99633333333333,
            -5.999527777777778
          ]
        ]
      },
      "properties": {
        "constellation": "Vir"
      }
    },
    {
      "type": "Feature",
      "geometry": {
        "type": "LineString",
        "coordinates": [
          [
            145.99633333333333,
            -5.999527777777778
          ],
          [
            139.23516666666666,
            -5.657416666666667
          ]
        ]
      },
      "properties": {
        "constellation": "Vir"
      }
    },
    {
      "type": "Feature",
      "geometry": {
        "type": "LineString",
        "coordinates": [
          [
            158.70166666666668,
            -11.16125
          ],
          [
            156.32604166666667,
            -0.5959444444444445
          ]
        ]
      },
      "properties": {
        "constellation": "Vir"
      }
    },
    {
      "type": "Feature",
      "geometry": {
        "type": "LineString",
        "coordinates": [
          [
            156.32604166666667,
            -0.5959444444444445
          ],
          [
            149.58841666666666,
            1.5445833333333332
          ]
        ]
      },
      "properties": {
        "constellation": "Vir"
      }
    },
    {
      "type": "Feature",
      "geometry": {
        "type": "LineString",
        "coordinates": [
          [
            149.58841666666666,
            1.5445833333333332
          ],
          [
            138.43754166666665,
            1.8929444444444443
          ]
        ]
      },
      "properties": {
        "constellation": "Vir"
      }
    },
    {
      "type": "Feature",
      "geometry": {
        "type": "LineString",
        "coordinates": [
          [
            156.32604166666667,
            -0.5959444444444445
          ],
          [
            166.098,
            3.397611111111111
          ]
        ]
      },
      "properties": {
        "constellation": "Vir"
      }
    },
    {
      "type": "Feature",
      "geometry": {
        "type": "LineString",
        "coordinates": [
          [
            166.098,
            3.397611111111111
          ],
          [
            164.45516666666668,
            10.95911111111111
          ]
        ]
      },
      "properties": {
        "constellation": "Vir"
      }
    },
    {
      "type": "Feature",
      "geometry": {
        "type": "LineString",
        "coordinates": [
          [
            166.098,
            3.397611111111111
          ],
          [
            169.58333333333334,
            -1.4495277777777777
          ]
        ]
      },
      "properties": {
        "constellation": "Vir"
      }
    },
    {
      "type": "Feature",
      "geometry": {
        "type": "LineString",
        "coordinates": [
          [
            -115.455,
            -72.60613888888888
          ],
          [
            -107.18675000000002,
            -70.49919444444444
          ]
        ]
      },
      "properties": {
        "constellation": "Vol"
      }
    },
    {
      "type": "Feature",
      "geometry": {
        "type": "LineString",
        "coordinates": [
          [
            -107.18675000000002,
            -70.49919444444444
          ],
          [
            -121.98266666666667,
            -68.61713888888889
          ]
        ]
      },
      "properties": {
        "constellation": "Vol"
      }
    },
    {
      "type": "Feature",
      "geometry": {
        "type": "LineString",
        "coordinates": [
          [
            -121.98266666666667,
            -68.61713888888889
          ],
          [
            -115.455,
            -72.60613888888888
          ]
        ]
      },
      "properties": {
        "constellation": "Vol"
      }
    },
    {
      "type": "Feature",
      "geometry": {
        "type": "LineString",
        "coordinates": [
          [
            -121.98266666666667,
            -68.61713888888889
          ],
          [
            -109.20762500000001,
            -67.95716666666667
          ]
        ]
      },
      "properties": {
        "constellation": "Vol"
      }
    },
    {
      "type": "Feature",
      "geometry": {
        "type": "LineString",
        "coordinates": [
          [
            -121.98266666666667,
            -68.61713888888889
          ],
          [
            -126.43437499999999,
            -66.13652777777779
          ]
        ]
      },
      "properties": {
        "constellation": "Vol"
      }
    },
    {
      "type": "Feature",
      "geometry": {
        "type": "LineString",
        "coordinates": [
          [
            -126.43437499999999,
            -66.13652777777779
          ],
          [
            -135.61166666666668,
            -66.39583333333334
          ]
        ]
      },
      "properties": {
        "constellation": "Vol"
      }
    },
    {
      "type": "Feature",
      "geometry": {
        "type": "LineString",
        "coordinates": [
          [
            -135.61166666666668,
            -66.39583333333334
          ],
          [
            -121.98266666666667,
            -68.61713888888889
          ]
        ]
      },
      "properties": {
        "constellation": "Vol"
      }
    },
    {
      "type": "Feature",
      "geometry": {
        "type": "LineString",
        "coordinates": [
          [
            67.82329166666665,
            24.665166666666664
          ],
          [
            59.72495833333335,
            27.753555555555554
          ]
        ]
      },
      "properties": {
        "constellation": "Vul"
      }
    }
  ]
}